Id,Expected
0,33
1,20
2,48
3,0
4,5
5,39
6,13
7,660
8,0
9,0
10,2
11,19
12,0
13,20
14,2
15,231
16,17
17,35
18,4
19,0
20,11
21,0
22,1
23,0
24,116
25,14
26,14
27,1
28,173
29,10
30,13
31,10
32,3
33,9
34,0
35,139
36,11
37,15
38,3
39,2
40,36
41,17
42,1
43,0
44,69
45,3
46,6
47,23
48,0
49,1
50,3
51,55
52,7
53,30
54,0
55,0
56,22
57,76
58,0
59,3
60,38
61,7
62,8
63,17
64,7
65,4
66,22
67,1
68,2
69,238
70,184
71,6
72,2
73,1
74,0
75,4
76,28
77,0
78,255
79,16
80,3
81,0
82,32
83,3
84,0
85,0
86,3
87,4
88,1
89,720
90,28
91,2
92,1
93,8
94,0
95,13
96,0
97,7
98,22
99,3
100,14
101,12
102,2
103,1
104,32
105,30
106,0
107,0
108,25
109,4
110,0
111,76
112,0
113,10
114,184
115,12
116,8
117,87
118,4
119,0
120,15
121,0
122,6
123,55
124,0
125,45
126,0
127,4
128,2
129,14
130,0
131,21
132,30
133,1
134,4
135,9
136,18
137,8
138,1
139,20
140,3
141,1
142,2
143,0
144,13
145,17
146,5
147,17
148,0
149,20
150,0
151,10
152,3
153,14
154,0
155,0
156,81
157,0
158,214
159,3
160,0
161,3
162,70
163,17
164,64
165,0
166,5
167,10
168,10
169,1
170,22
171,24
172,4
173,1
174,67
175,4
176,11
177,1
178,8
179,277
180,3
181,50
182,1
183,1
184,0
185,289
186,1
187,0
188,6
189,0
190,1
191,0
192,22
193,0
194,24
195,13
196,0
197,5
198,15
199,5
200,54
201,5
202,0
203,132
204,0
205,4
206,1
207,1
208,33
209,0
210,1
211,9
212,46
213,10
214,17
215,0
216,5
217,2
218,99
219,30
220,3
221,39
222,0
223,1
224,81
225,6
226,0
227,18
228,72
229,1
230,24
231,4
232,2
233,4
234,53
235,0
236,8
237,13
238,1
239,5
240,5
241,0
242,20
243,0
244,14
245,758
246,6
247,6
248,0
249,172
250,2
251,3
252,3
253,21
254,20
255,3
256,88
257,0
258,52
259,0
260,1
261,0
262,27
263,5
264,0
265,7
266,4
267,34
268,3
269,0
270,104
271,1
272,2
273,2
274,0
275,1
276,135
277,58
278,123
279,28
280,4
281,7
282,54
283,6
284,0
285,1
286,8
287,1
288,9
289,1
290,0
291,5
292,1
293,20
294,1
295,0
296,0
297,0
298,1
299,142
300,15
301,1
302,0
303,22
304,0
305,2
306,2
307,3
308,0
309,7
310,851
311,6
312,7
313,1
314,3
315,5
316,0
317,13
318,57
319,0
320,6
321,2
322,0
323,147
324,4
325,1
326,17
327,14
328,2
329,1
330,11
331,16
332,9
333,1
334,46
335,1
336,425
337,1
338,39
339,1
340,6
341,394
342,8
343,9
344,24
345,22
346,2
347,2
348,61
349,11
350,0
351,2
352,1
353,4
354,18
355,0
356,263
357,1
358,0
359,66
360,1
361,6
362,6
363,51
364,0
365,2
366,10
367,27
368,9
369,3
370,6
371,151
372,6
373,7
374,0
375,32
376,42
377,1
378,6
379,2
380,11
381,0
382,114
383,202
384,1
385,0
386,73
387,17
388,19
389,47
390,73
391,4
392,16
393,3
394,1
395,1
396,13
397,1
398,0
399,45
400,10
401,53
402,416
403,0
404,1
405,2
406,1
407,1
408,2
409,0
410,1
411,4
412,34
413,182
414,1
415,0
416,22
417,112
418,6
419,565
420,1
421,0
422,32
423,7
424,13
425,1
426,0
427,1
428,1
429,23
430,2
431,6
432,0
433,167
434,0
435,1
436,212
437,0
438,1
439,5
440,4
441,1
442,3
443,9
444,23
445,1
446,6
447,2
448,1
449,7
450,1
451,2
452,0
453,3
454,81
455,291
456,1
457,2
458,0
459,29
460,2
461,75
462,1
463,1
464,0
465,14
466,2
467,16
468,3
469,1
470,3
471,2
472,1
473,2
474,5
475,697
476,0
477,290
478,99
479,3
480,0
481,110
482,0
483,45
484,1
485,3
486,5
487,0
488,16
489,1
490,0
491,0
492,77
493,8
494,7
495,1
496,0
497,0
498,0
499,1
500,1
501,0
502,4
503,7
504,3
505,0
506,0
507,8
508,609
509,24
510,1
511,97
512,17
513,81
514,67
515,7
516,1
517,1
518,0
519,3
520,7
521,13
522,9
523,9
524,0
525,1
526,0
527,1
528,1
529,1
530,2
531,16
532,0
533,4
534,0
535,718
536,1
537,28
538,0
539,46
540,0
541,94
542,0
543,1
544,0
545,510
546,11
547,3
548,6
549,161
550,4
551,1
552,6
553,2
554,5
555,1
556,1
557,0
558,0
559,4
560,25
561,708
562,3
563,0
564,2
565,0
566,1
567,3
568,317
569,0
570,3
571,0
572,0
573,0
574,20
575,1
576,103
577,46
578,35
579,23
580,3
581,0
582,14
583,0
584,2
585,1
586,2
587,16
588,1
589,1
590,55
591,0
592,0
593,6
594,1
595,3
596,1
597,6
598,6
599,3
600,1
601,7
602,26
603,9
604,818
605,2
606,2
607,3
608,1
609,6
610,1
611,8
612,0
613,2
614,2
615,21
616,2
617,3
618,0
619,356
620,1
621,7
622,25
623,7
624,0
625,17
626,9
627,3
628,3
629,0
630,28
631,27
632,35
633,1
634,5
635,72
636,8
637,11
638,187
639,6
640,1
641,0
642,9
643,3
644,0
645,3
646,0
647,23
648,60
649,0
650,1
651,1
652,4
653,0
654,11
655,59
656,11
657,566
658,5
659,6
660,2
661,22
662,2
663,1
664,2
665,0
666,2
667,150
668,2
669,0
670,30
671,9
672,0
673,0
674,0
675,0
676,30
677,13
678,3
679,0
680,0
681,1
682,0
683,0
684,36
685,2
686,3
687,8
688,1
689,11
690,27
691,5
692,16
693,4
694,0
695,0
696,1
697,0
698,2
699,3
700,5
701,2
702,11
703,7
704,4
705,23
706,5
707,9
708,3
709,1
710,19
711,75
712,4
713,13
714,1
715,14
716,39
717,1
718,0
719,1
720,1
721,50
722,3
723,4
724,0
725,0
726,2
727,3
728,2
729,0
730,87
731,4
732,34
733,0
734,1
735,4
736,32
737,8
738,131
739,1
740,567
741,12
742,94
743,39
744,8
745,36
746,9
747,502
748,1
749,0
750,1
751,14
752,4
753,1
754,114
755,39
756,1
757,10
758,7
759,0
760,29
761,7
762,90
763,35
764,0
765,58
766,0
767,0
768,4
769,1
770,0
771,0
772,398
773,22
774,37
775,0
776,13
777,6
778,0
779,1
780,1
781,3
782,315
783,1
784,1
785,70
786,9
787,24
788,14
789,12
790,4
791,4
792,1
793,10
794,76
795,25
796,2
797,4
798,111
799,94
800,1
801,1
802,3
803,1
804,0
805,37
806,287
807,2
808,3
809,3
810,65
811,806
812,0
813,6
814,419
815,77
816,1
817,13
818,2
819,6
820,0
821,2
822,11
823,15
824,1
825,50
826,1
827,14
828,2
829,0
830,1
831,18
832,0
833,20
834,12
835,1
836,12
837,15
838,53
839,1
840,2
841,16
842,19
843,3
844,3
845,44
846,6
847,0
848,2
849,7
850,10
851,1
852,15
853,4
854,2
855,3
856,3
857,8
858,232
859,55
860,2
861,4
862,2
863,28
864,151
865,0
866,3
867,1
868,3
869,0
870,5
871,1
872,74
873,67
874,2
875,5
876,1
877,1
878,4
879,2
880,1
881,15
882,33
883,2
884,1
885,11
886,12
887,2
888,3
889,10
890,2
891,0
892,5
893,10
894,3
895,3
896,4
897,19
898,13
899,1
900,19
901,1
902,6
903,4
904,181
905,0
906,0
907,2
908,22
909,0
910,7
911,2
912,0
913,0
914,1
915,30
916,6
917,12
918,0
919,18
920,1
921,9
922,0
923,309
924,1
925,0
926,6
927,27
928,1
929,5
930,4
931,260
932,3
933,13
934,0
935,4
936,0
937,0
938,68
939,1
940,31
941,8
942,4
943,109
944,7
945,23
946,2
947,2
948,18
949,2
950,69
951,6
952,1
953,99
954,7
955,1
956,11
957,7
958,0
959,4
960,1
961,7
962,0
963,2
964,20
965,2
966,0
967,28
968,4
969,0
970,0
971,0
972,63
973,12
974,0
975,1
976,16
977,37
978,8
979,15
980,56
981,0
982,0
983,0
984,50
985,7
986,15
987,0
988,0
989,10
990,126
991,0
992,10
993,0
994,0
995,0
996,0
997,6
998,1
999,3
1000,0
1001,3
1002,21
1003,0
1004,3
1005,1
1006,0
1007,0
1008,414
1009,0
1010,10
1011,7
1012,0
1013,21
1014,1
1015,2
1016,2
1017,21
1018,0
1019,114
1020,0
1021,0
1022,0
1023,18
1024,0
1025,42
1026,10
1027,0
1028,0
1029,0
1030,2
1031,0
1032,26
1033,0
1034,0
1035,1
1036,4
1037,1
1038,0
1039,294
1040,241
1041,4
1042,1
1043,4
1044,1
1045,4
1046,5
1047,4
1048,1
1049,517
1050,3
1051,21
1052,124
1053,35
1054,1
1055,5
1056,0
1057,302
1058,1
1059,11
1060,24
1061,9
1062,2
1063,0
1064,2
1065,1
1066,64
1067,173
1068,4
1069,3
1070,111
1071,1
1072,4
1073,8
1074,18
1075,3
1076,0
1077,0
1078,2
1079,28
1080,18
1081,0
1082,0
1083,13
1084,35
1085,39
1086,3
1087,14
1088,24
1089,4
1090,3
1091,0
1092,0
1093,10
1094,0
1095,29
1096,7
1097,0
1098,29
1099,22
1100,7
1101,89
1102,1
1103,5
1104,0
1105,6
1106,0
1107,7
1108,7
1109,13
1110,193
1111,11
1112,61
1113,1
1114,0
1115,13
1116,4
1117,4
1118,7
1119,13
1120,9
1121,48
1122,6
1123,3
1124,11
1125,3
1126,8
1127,19
1128,10
1129,2
1130,0
1131,2
1132,2
1133,17
1134,0
1135,1
1136,0
1137,1
1138,0
1139,105
1140,6
1141,0
1142,27
1143,7
1144,0
1145,2
1146,1
1147,4
1148,63
1149,4
1150,151
1151,11
1152,7
1153,1
1154,1
1155,13
1156,7
1157,2
1158,1
1159,46
1160,5
1161,1
1162,2
1163,116
1164,11
1165,0
1166,0
1167,1
1168,54
1169,4
1170,7
1171,5
1172,0
1173,0
1174,56
1175,19
1176,6
1177,3
1178,0
1179,8
1180,0
1181,71
1182,2
1183,0
1184,23
1185,1
1186,1
1187,1
1188,2
1189,3
1190,1
1191,191
1192,0
1193,1
1194,3
1195,4
1196,10
1197,16
1198,1
1199,1
1200,8
1201,10
1202,50
1203,0
1204,0
1205,168
1206,89
1207,0
1208,5
1209,3
1210,0
1211,21
1212,9
1213,0
1214,1
1215,0
1216,1
1217,5
1218,4
1219,0
1220,526
1221,0
1222,1
1223,13
1224,5
1225,3
1226,6
1227,2
1228,16
1229,0
1230,160
1231,2
1232,173
1233,15
1234,0
1235,14
1236,17
1237,1
1238,25
1239,1
1240,221
1241,1
1242,3
1243,2
1244,11
1245,1
1246,80
1247,7
1248,1
1249,2
1250,6
1251,9
1252,27
1253,217
1254,3
1255,9
1256,0
1257,13
1258,3
1259,1
1260,17
1261,1
1262,0
1263,95
1264,16
1265,54
1266,23
1267,228
1268,17
1269,59
1270,55
1271,0
1272,4
1273,12
1274,1
1275,82
1276,1
1277,0
1278,1
1279,15
1280,0
1281,19
1282,4
1283,106
1284,270
1285,27
1286,8
1287,35
1288,2
1289,23
1290,2
1291,35
1292,1
1293,15
1294,90
1295,3
1296,0
1297,7
1298,7
1299,30
1300,4
1301,1
1302,1
1303,79
1304,0
1305,1
1306,4
1307,7
1308,16
1309,7
1310,2
1311,24
1312,1
1313,13
1314,3
1315,0
1316,161
1317,0
1318,3
1319,4
1320,1
1321,3
1322,1
1323,4
1324,8
1325,1
1326,5
1327,10
1328,8
1329,1
1330,2
1331,0
1332,25
1333,9
1334,1
1335,14
1336,10
1337,0
1338,0
1339,6
1340,1
1341,108
1342,22
1343,2
1344,1
1345,2
1346,0
1347,2
1348,1
1349,3
1350,1
1351,0
1352,78
1353,13
1354,1
1355,14
1356,0
1357,6
1358,3
1359,22
1360,119
1361,19
1362,6
1363,255
1364,15
1365,0
1366,7
1367,12
1368,0
1369,6
1370,26
1371,142
1372,131
1373,0
1374,4
1375,22
1376,2
1377,0
1378,2
1379,0
1380,1
1381,3
1382,7
1383,0
1384,16
1385,28
1386,0
1387,0
1388,4
1389,16
1390,380
1391,0
1392,4
1393,0
1394,6
1395,0
1396,6
1397,0
1398,2
1399,2
1400,0
1401,0
1402,0
1403,7
1404,1
1405,0
1406,4
1407,0
1408,20
1409,17
1410,26
1411,39
1412,4
1413,25
1414,3
1415,8
1416,68
1417,12
1418,63
1419,0
1420,3
1421,16
1422,0
1423,0
1424,2
1425,14
1426,1
1427,0
1428,0
1429,130
1430,0
1431,1
1432,0
1433,12
1434,73
1435,1
1436,13
1437,73
1438,7
1439,9
1440,4
1441,45
1442,0
1443,20
1444,0
1445,1
1446,8
1447,37
1448,229
1449,14
1450,3
1451,249
1452,1
1453,8
1454,1
1455,24
1456,2
1457,93
1458,5
1459,2
1460,0
1461,2
1462,1
1463,0
1464,9
1465,244
1466,1
1467,3
1468,1
1469,437
1470,0
1471,0
1472,51
1473,0
1474,1
1475,23
1476,1
1477,32
1478,8
1479,104
1480,2
1481,0
1482,10
1483,10
1484,0
1485,30
1486,4
1487,6
1488,0
1489,7
1490,25
1491,4
1492,2
1493,0
1494,10
1495,36
1496,1
1497,0
1498,30
1499,3
1500,2
1501,3
1502,0
1503,0
1504,0
1505,9
1506,57
1507,1
1508,6
1509,0
1510,24
1511,70
1512,3
1513,122
1514,52
1515,5
1516,0
1517,1
1518,0
1519,109
1520,9
1521,313
1522,10
1523,1
1524,3
1525,3
1526,2
1527,16
1528,0
1529,15
1530,1
1531,4
1532,23
1533,39
1534,0
1535,53
1536,13
1537,15
1538,0
1539,5
1540,35
1541,7
1542,4
1543,0
1544,0
1545,20
1546,1
1547,99
1548,0
1549,0
1550,94
1551,1
1552,51
1553,12
1554,65
1555,190
1556,1
1557,23
1558,10
1559,0
1560,15
1561,1
1562,3
1563,5
1564,4
1565,5
1566,19
1567,66
1568,0
1569,12
1570,5
1571,1
1572,1
1573,222
1574,0
1575,29
1576,0
1577,2
1578,5
1579,99
1580,3
1581,3
1582,2
1583,124
1584,1
1585,9
1586,13
1587,1
1588,76
1589,6
1590,1
1591,21
1592,10
1593,1
1594,0
1595,495
1596,32
1597,0
1598,4
1599,17
1600,1
1601,0
1602,9
1603,2
1604,102
1605,14
1606,0
1607,21
1608,2
1609,7
1610,0
1611,0
1612,5
1613,21
1614,25
1615,15
1616,0
1617,58
1618,21
1619,0
1620,0
1621,0
1622,8
1623,3
1624,0
1625,0
1626,6
1627,3
1628,5
1629,127
1630,0
1631,4
1632,1
1633,14
1634,10
1635,0
1636,0
1637,2
1638,2
1639,0
1640,46
1641,20
1642,0
1643,185
1644,15
1645,46
1646,0
1647,2
1648,125
1649,2
1650,0
1651,23
1652,0
1653,453
1654,306
1655,1
1656,0
1657,796
1658,2
1659,0
1660,61
1661,3
1662,1
1663,1
1664,40
1665,20
1666,1
1667,0
1668,1
1669,1
1670,1
1671,1
1672,9
1673,391
1674,18
1675,17
1676,1
1677,2
1678,0
1679,2
1680,67
1681,0
1682,16
1683,15
1684,0
1685,8
1686,0
1687,3
1688,1
1689,8
1690,0
1691,1
1692,0
1693,40
1694,11
1695,0
1696,8
1697,4
1698,2
1699,0
1700,0
1701,121
1702,4
1703,18
1704,30
1705,53
1706,0
1707,0
1708,1
1709,0
1710,20
1711,44
1712,0
1713,1
1714,40
1715,2
1716,3
1717,6
1718,0
1719,1
1720,3
1721,1
1722,3
1723,1
1724,1
1725,0
1726,0
1727,0
1728,34
1729,0
1730,17
1731,8
1732,41
1733,0
1734,1
1735,1
1736,0
1737,35
1738,7
1739,7
1740,1
1741,0
1742,7
1743,0
1744,7
1745,3
1746,1
1747,2
1748,7
1749,6
1750,28
1751,9
1752,1
1753,0
1754,0
1755,11
1756,27
1757,12
1758,0
1759,3
1760,19
1761,0
1762,93
1763,758
1764,0
1765,13
1766,2
1767,1
1768,0
1769,5
1770,5
1771,3
1772,0
1773,3
1774,208
1775,0
1776,0
1777,1
1778,4
1779,26
1780,0
1781,3
1782,7
1783,0
1784,7
1785,0
1786,0
1787,0
1788,24
1789,3
1790,257
1791,21
1792,1
1793,0
1794,8
1795,3
1796,0
1797,13
1798,1
1799,0
1800,121
1801,136
1802,877
1803,0
1804,2
1805,116
1806,5
1807,81
1808,10
1809,1
1810,1
1811,4
1812,8
1813,0
1814,0
1815,5
1816,1
1817,0
1818,1
1819,0
1820,0
1821,0
1822,8
1823,0
1824,154
1825,23
1826,0
1827,1
1828,2
1829,0
1830,1
1831,0
1832,17
1833,689
1834,96
1835,0
1836,1
1837,115
1838,2
1839,0
1840,4
1841,5
1842,111
1843,0
1844,2
1845,176
1846,5
1847,0
1848,0
1849,7
1850,25
1851,6
1852,3
1853,10
1854,35
1855,66
1856,3
1857,1
1858,6
1859,7
1860,0
1861,4
1862,4
1863,28
1864,1
1865,0
1866,2
1867,0
1868,3
1869,180
1870,2
1871,0
1872,0
1873,1
1874,154
1875,3
1876,2
1877,6
1878,468
1879,0
1880,4
1881,0
1882,140
1883,0
1884,19
1885,0
1886,557
1887,4
1888,0
1889,9
1890,17
1891,15
1892,0
1893,51
1894,5
1895,15
1896,15
1897,1
1898,1
1899,0
1900,4
1901,57
1902,0
1903,16
1904,1
1905,5
1906,25
1907,2
1908,1
1909,17
1910,2
1911,5
1912,8
1913,3
1914,44
1915,81
1916,0
1917,0
1918,13
1919,1
1920,1
1921,94
1922,20
1923,0
1924,1
1925,0
1926,5
1927,0
1928,3
1929,8
1930,15
1931,0
1932,2
1933,7
1934,10
1935,0
1936,14
1937,0
1938,4
1939,0
1940,0
1941,6
1942,6
1943,2
1944,819
1945,81
1946,3
1947,3
1948,14
1949,379
1950,0
1951,1
1952,32
1953,4
1954,3
1955,0
1956,67
1957,1
1958,5
1959,3
1960,1
1961,7
1962,11
1963,0
1964,15
1965,0
1966,3
1967,0
1968,114
1969,103
1970,0
1971,9
1972,6
1973,0
1974,1
1975,1
1976,266
1977,3
1978,9
1979,1
1980,59
1981,17
1982,58
1983,4
1984,0
1985,2
1986,1
1987,12
1988,81
1989,11
1990,7
1991,0
1992,203
1993,0
1994,67
1995,21
1996,4
1997,1
1998,0
1999,6
2000,0
2001,53
2002,1
2003,0
2004,14
2005,0
2006,0
2007,3
2008,47
2009,3
2010,20
2011,348
2012,22
2013,70
2014,42
2015,1
2016,2
2017,0
2018,4
2019,11
2020,11
2021,0
2022,20
2023,3
2024,1
2025,0
2026,206
2027,11
2028,241
2029,13
2030,4
2031,0
2032,0
2033,0
2034,0
2035,3
2036,0
2037,3
2038,0
2039,25
2040,1
2041,10
2042,33
2043,0
2044,1
2045,3
2046,12
2047,0
2048,9
2049,0
2050,22
2051,0
2052,33
2053,51
2054,0
2055,1
2056,26
2057,86
2058,7
2059,5
2060,1
2061,27
2062,14
2063,253
2064,1
2065,1
2066,11
2067,1
2068,0
2069,17
2070,4
2071,0
2072,0
2073,1
2074,27
2075,1
2076,3
2077,394
2078,0
2079,84
2080,3
2081,0
2082,3
2083,12
2084,5
2085,4
2086,38
2087,1
2088,64
2089,1
2090,5
2091,0
2092,23
2093,300
2094,2
2095,3
2096,6
2097,12
2098,2
2099,12
2100,0
2101,5
2102,12
2103,54
2104,4
2105,59
2106,19
2107,3
2108,305
2109,2
2110,1
2111,20
2112,0
2113,0
2114,15
2115,10
2116,2
2117,10
2118,1
2119,3
2120,3
2121,1
2122,30
2123,28
2124,1
2125,1
2126,56
2127,5
2128,1
2129,1
2130,12
2131,7
2132,0
2133,3
2134,336
2135,82
2136,29
2137,4
2138,5
2139,0
2140,8
2141,4
2142,82
2143,65
2144,15
2145,3
2146,3
2147,2
2148,33
2149,0
2150,1
2151,19
2152,23
2153,34
2154,1
2155,6
2156,0
2157,1
2158,2
2159,48
2160,5
2161,0
2162,0
2163,22
2164,493
2165,1
2166,19
2167,1
2168,4
2169,0
2170,13
2171,4
2172,0
2173,0
2174,0
2175,2
2176,1
2177,3
2178,0
2179,1
2180,13
2181,1
2182,0
2183,2
2184,0
2185,1
2186,1
2187,61
2188,10
2189,3
2190,0
2191,0
2192,0
2193,0
2194,0
2195,17
2196,0
2197,2
2198,0
2199,0
2200,1
2201,3
2202,10
2203,2
2204,1
2205,20
2206,7
2207,0
2208,2
2209,2
2210,0
2211,3
2212,1
2213,136
2214,11
2215,49
2216,2
2217,13
2218,2
2219,16
2220,504
2221,2
2222,44
2223,3
2224,0
2225,3
2226,0
2227,1
2228,1
2229,7
2230,0
2231,1
2232,13
2233,0
2234,13
2235,1
2236,0
2237,1
2238,0
2239,0
2240,1
2241,19
2242,1
2243,4
2244,1
2245,9
2246,85
2247,2
2248,1
2249,4
2250,0
2251,0
2252,22
2253,6
2254,280
2255,0
2256,11
2257,2
2258,0
2259,1
2260,13
2261,19
2262,4
2263,3
2264,1
2265,37
2266,43
2267,0
2268,1
2269,1
2270,0
2271,0
2272,8
2273,1
2274,1
2275,196
2276,3
2277,0
2278,0
2279,5
2280,1
2281,2
2282,72
2283,0
2284,1
2285,8
2286,5
2287,31
2288,5
2289,0
2290,1
2291,4
2292,1
2293,2
2294,0
2295,15
2296,1
2297,43
2298,28
2299,4
2300,106
2301,1
2302,0
2303,3
2304,0
2305,2
2306,5
2307,0
2308,2
2309,15
2310,0
2311,1
2312,2
2313,18
2314,6
2315,0
2316,0
2317,109
2318,709
2319,0
2320,56
2321,2
2322,0
2323,134
2324,105
2325,19
2326,12
2327,1
2328,21
2329,10
2330,54
2331,2
2332,0
2333,0
2334,54
2335,3
2336,15
2337,1
2338,338
2339,2
2340,2
2341,2
2342,19
2343,1
2344,1
2345,7
2346,0
2347,3
2348,12
2349,0
2350,50
2351,1
2352,1
2353,27
2354,0
2355,22
2356,1
2357,6
2358,0
2359,0
2360,6
2361,1
2362,89
2363,3
2364,1
2365,5
2366,267
2367,19
2368,12
2369,0
2370,0
2371,1
2372,102
2373,0
2374,4
2375,0
2376,125
2377,136
2378,6
2379,4
2380,16
2381,1
2382,0
2383,1
2384,32
2385,1
2386,0
2387,2
2388,1
2389,6
2390,43
2391,1
2392,2
2393,38
2394,3
2395,0
2396,2
2397,13
2398,2
2399,5
2400,0
2401,0
2402,330
2403,26
2404,1
2405,79
2406,0
2407,71
2408,22
2409,1
2410,69
2411,1
2412,0
2413,0
2414,6
2415,0
2416,2
2417,1
2418,24
2419,1
2420,43
2421,31
2422,0
2423,16
2424,1
2425,72
2426,45
2427,0
2428,2
2429,2
2430,9
2431,6
2432,0
2433,10
2434,1
2435,2
2436,7
2437,13
2438,0
2439,356
2440,0
2441,4
2442,7
2443,1
2444,0
2445,11
2446,0
2447,1
2448,29
2449,0
2450,1
2451,3
2452,1
2453,0
2454,6
2455,1
2456,1
2457,48
2458,283
2459,18
2460,2
2461,80
2462,1
2463,1
2464,34
2465,86
2466,1
2467,0
2468,1
2469,145
2470,1
2471,1
2472,14
2473,22
2474,0
2475,11
2476,7
2477,1
2478,0
2479,3
2480,3
2481,4
2482,15
2483,1
2484,3
2485,10
2486,10
2487,12
2488,11
2489,20
2490,0
2491,3
2492,37
2493,9
2494,1
2495,0
2496,8
2497,21
2498,1
2499,0
2500,7
2501,25
2502,5
2503,4
2504,1
2505,34
2506,8
2507,2
2508,6
2509,1
2510,18
2511,0
2512,79
2513,0
2514,0
2515,0
2516,6
2517,23
2518,13
2519,21
2520,8
2521,0
2522,945
2523,11
2524,27
2525,4
2526,0
2527,1
2528,0
2529,1
2530,1
2531,10
2532,0
2533,22
2534,0
2535,3
2536,0
2537,4
2538,0
2539,62
2540,4
2541,10
2542,261
2543,6
2544,19
2545,21
2546,6
2547,11
2548,0
2549,0
2550,138
2551,3
2552,1
2553,0
2554,28
2555,0
2556,5
2557,0
2558,33
2559,2
2560,6
2561,31
2562,2
2563,45
2564,23
2565,0
2566,14
2567,30
2568,16
2569,51
2570,1
2571,6
2572,1
2573,7
2574,0
2575,8
2576,1
2577,0
2578,293
2579,3
2580,0
2581,0
2582,0
2583,1
2584,2
2585,16
2586,123
2587,4
2588,420
2589,0
2590,11
2591,2
2592,105
2593,1
2594,0
2595,17
2596,5
2597,2
2598,28
2599,0
2600,6
2601,1
2602,41
2603,0
2604,0
2605,42
2606,7
2607,13
2608,18
2609,10
2610,59
2611,11
2612,28
2613,1
2614,11
2615,8
2616,1
2617,24
2618,3
2619,74
2620,1
2621,4
2622,0
2623,0
2624,8
2625,0
2626,13
2627,2
2628,18
2629,0
2630,0
2631,3
2632,18
2633,3
2634,0
2635,42
2636,1
2637,0
2638,0
2639,0
2640,224
2641,0
2642,15
2643,1
2644,1
2645,283
2646,2
2647,0
2648,0
2649,2
2650,9
2651,0
2652,0
2653,0
2654,13
2655,9
2656,0
2657,3
2658,0
2659,87
2660,13
2661,3
2662,0
2663,0
2664,2
2665,11
2666,1
2667,48
2668,66
2669,1
2670,1
2671,1
2672,2
2673,16
2674,2
2675,27
2676,10
2677,117
2678,39
2679,0
2680,22
2681,39
2682,5
2683,104
2684,0
2685,4
2686,21
2687,5
2688,28
2689,0
2690,1
2691,2
2692,0
2693,1
2694,0
2695,17
2696,0
2697,0
2698,4
2699,5
2700,1
2701,2
2702,20
2703,0
2704,14
2705,0
2706,3
2707,112
2708,4
2709,73
2710,733
2711,70
2712,4
2713,70
2714,93
2715,15
2716,6
2717,12
2718,1
2719,10
2720,0
2721,0
2722,0
2723,3
2724,0
2725,6
2726,36
2727,0
2728,1
2729,0
2730,17
2731,46
2732,2
2733,0
2734,5
2735,16
2736,2
2737,0
2738,1
2739,2
2740,0
2741,4
2742,0
2743,4
2744,0
2745,0
2746,1
2747,94
2748,0
2749,0
2750,1
2751,8
2752,11
2753,108
2754,3
2755,3
2756,1
2757,3
2758,3
2759,19
2760,12
2761,1
2762,7
2763,25
2764,8
2765,0
2766,23
2767,4
2768,2
2769,4
2770,8
2771,14
2772,6
2773,1
2774,25
2775,0
2776,44
2777,1
2778,0
2779,31
2780,20
2781,6
2782,2
2783,532
2784,1
2785,9
2786,0
2787,70
2788,10
2789,0
2790,0
2791,2
2792,4
2793,7
2794,0
2795,2
2796,1
2797,10
2798,5
2799,11
2800,500
2801,30
2802,34
2803,0
2804,3
2805,9
2806,19
2807,1
2808,30
2809,0
2810,2
2811,0
2812,6
2813,0
2814,38
2815,8
2816,11
2817,1
2818,1
2819,12
2820,1
2821,42
2822,8
2823,19
2824,2
2825,2
2826,0
2827,0
2828,21
2829,8
2830,11
2831,10
2832,1
2833,0
2834,3
2835,98
2836,27
2837,4
2838,1
2839,1
2840,0
2841,15
2842,1
2843,12
2844,2
2845,1
2846,0
2847,302
2848,0
2849,0
2850,7
2851,5
2852,58
2853,0
2854,10
2855,1
2856,86
2857,0
2858,2
2859,1
2860,774
2861,1
2862,478
2863,1
2864,20
2865,4
2866,7
2867,0
2868,3
2869,0
2870,0
2871,0
2872,5
2873,39
2874,16
2875,49
2876,167
2877,22
2878,0
2879,0
2880,0
2881,4
2882,0
2883,0
2884,13
2885,3
2886,0
2887,9
2888,11
2889,35
2890,0
2891,1
2892,0
2893,0
2894,10
2895,1
2896,0
2897,2
2898,1
2899,119
2900,1
2901,832
2902,0
2903,63
2904,5
2905,29
2906,1
2907,1
2908,8
2909,0
2910,0
2911,1
2912,0
2913,2
2914,1
2915,3
2916,10
2917,5
2918,1
2919,0
2920,9
2921,8
2922,10
2923,3
2924,1
2925,8
2926,29
2927,1
2928,0
2929,70
2930,33
2931,12
2932,11
2933,10
2934,8
2935,16
2936,0
2937,4
2938,8
2939,5
2940,3
2941,15
2942,0
2943,1
2944,0
2945,31
2946,11
2947,0
2948,8
2949,14
2950,5
2951,1
2952,0
2953,10
2954,6
2955,6
2956,15
2957,1
2958,5
2959,0
2960,0
2961,51
2962,1
2963,2
2964,36
2965,8
2966,4
2967,229
2968,54
2969,20
2970,25
2971,0
2972,1
2973,1
2974,3
2975,9
2976,28
2977,10
2978,11
2979,10
2980,0
2981,6
2982,197
2983,1
2984,90
2985,0
2986,213
2987,0
2988,11
2989,1
2990,8
2991,6
2992,11
2993,9
2994,1
2995,7
2996,0
2997,5
2998,41
2999,0
3000,0
3001,2
3002,10
3003,8
3004,6
3005,11
3006,1
3007,0
3008,8
3009,10
3010,0
3011,0
3012,2
3013,2
3014,0
3015,3
3016,64
3017,16
3018,0
3019,11
3020,11
3021,3
3022,0
3023,36
3024,3
3025,3
3026,15
3027,3
3028,41
3029,8
3030,8
3031,24
3032,0
3033,7
3034,2
3035,1
3036,4
3037,6
3038,521
3039,1
3040,3
3041,11
3042,0
3043,11
3044,271
3045,0
3046,1
3047,2
3048,194
3049,13
3050,1
3051,0
3052,33
3053,3
3054,75
3055,1
3056,9
3057,0
3058,1
3059,30
3060,3
3061,143
3062,57
3063,21
3064,41
3065,10
3066,0
3067,0
3068,6
3069,4
3070,1
3071,15
3072,1
3073,0
3074,2
3075,6
3076,6
3077,70
3078,251
3079,0
3080,2
3081,3
3082,0
3083,1
3084,29
3085,16
3086,10
3087,137
3088,16
3089,254
3090,12
3091,2
3092,4
3093,0
3094,0
3095,3
3096,0
3097,0
3098,0
3099,1
3100,0
3101,2
3102,20
3103,59
3104,10
3105,15
3106,8
3107,0
3108,1
3109,3
3110,0
3111,1
3112,4
3113,2
3114,11
3115,5
3116,16
3117,10
3118,27
3119,1
3120,15
3121,4
3122,13
3123,15
3124,2
3125,1
3126,1
3127,74
3128,4
3129,250
3130,0
3131,6
3132,1
3133,189
3134,0
3135,10
3136,326
3137,3
3138,17
3139,2
3140,774
3141,27
3142,16
3143,79
3144,165
3145,2
3146,0
3147,120
3148,6
3149,2
3150,12
3151,1
3152,26
3153,1
3154,15
3155,0
3156,0
3157,0
3158,3
3159,10
3160,0
3161,390
3162,2
3163,3
3164,262
3165,14
3166,2
3167,52
3168,3
3169,0
3170,0
3171,14
3172,19
3173,11
3174,280
3175,9
3176,4
3177,7
3178,0
3179,3
3180,0
3181,3
3182,0
3183,41
3184,13
3185,811
3186,0
3187,1
3188,16
3189,1
3190,2
3191,0
3192,1
3193,1
3194,929
3195,46
3196,3
3197,136
3198,2
3199,0
3200,39
3201,0
3202,2
3203,0
3204,0
3205,105
3206,16
3207,171
3208,3
3209,6
3210,0
3211,15
3212,0
3213,29
3214,23
3215,41
3216,1
3217,10
3218,34
3219,0
3220,1
3221,36
3222,1
3223,2
3224,0
3225,0
3226,0
3227,3
3228,78
3229,1
3230,152
3231,8
3232,3
3233,0
3234,0
3235,14
3236,1
3237,47
3238,123
3239,2
3240,0
3241,9
3242,0
3243,3
3244,7
3245,3
3246,12
3247,1
3248,9
3249,3
3250,0
3251,2
3252,0
3253,4
3254,0
3255,1
3256,17
3257,5
3258,1
3259,1
3260,1
3261,294
3262,0
3263,0
3264,780
3265,21
3266,0
3267,3
3268,9
3269,2
3270,256
3271,7
3272,0
3273,0
3274,5
3275,1
3276,0
3277,7
3278,2
3279,0
3280,0
3281,18
3282,0
3283,0
3284,2
3285,178
3286,0
3287,1
3288,4
3289,0
3290,1
3291,3
3292,1
3293,24
3294,1
3295,1
3296,1
3297,11
3298,1
3299,53
3300,0
3301,14
3302,2
3303,2
3304,1
3305,7
3306,2
3307,3
3308,0
3309,40
3310,0
3311,9
3312,2
3313,0
3314,0
3315,25
3316,7
3317,417
3318,42
3319,0
3320,3
3321,35
3322,0
3323,3
3324,13
3325,0
3326,4
3327,8
3328,15
3329,90
3330,69
3331,0
3332,543
3333,16
3334,0
3335,6
3336,0
3337,2
3338,0
3339,2
3340,0
3341,71
3342,285
3343,6
3344,38
3345,1
3346,2
3347,16
3348,47
3349,0
3350,2
3351,57
3352,11
3353,0
3354,4
3355,0
3356,572
3357,3
3358,0
3359,0
3360,84
3361,22
3362,0
3363,204
3364,9
3365,0
3366,9
3367,1
3368,0
3369,129
3370,4
3371,15
3372,0
3373,1
3374,1
3375,2
3376,99
3377,5
3378,131
3379,4
3380,6
3381,0
3382,0
3383,1
3384,1
3385,8
3386,4
3387,0
3388,0
3389,33
3390,17
3391,24
3392,0
3393,7
3394,403
3395,6
3396,1
3397,0
3398,8
3399,17
3400,17
3401,15
3402,1
3403,2
3404,0
3405,3
3406,9
3407,15
3408,0
3409,0
3410,0
3411,7
3412,1
3413,0
3414,4
3415,0
3416,129
3417,0
3418,3
3419,1
3420,1
3421,3
3422,1
3423,2
3424,0
3425,0
3426,11
3427,39
3428,8
3429,1
3430,7
3431,9
3432,2
3433,0
3434,3
3435,0
3436,6
3437,2
3438,1
3439,24
3440,10
3441,1
3442,16
3443,744
3444,1
3445,295
3446,9
3447,3
3448,0
3449,6
3450,23
3451,11
3452,0
3453,8
3454,0
3455,10
3456,107
3457,73
3458,1
3459,1
3460,1
3461,0
3462,3
3463,0
3464,11
3465,0
3466,14
3467,1
3468,22
3469,1
3470,2
3471,0
3472,1
3473,176
3474,0
3475,4
3476,90
3477,0
3478,0
3479,3
3480,1
3481,10
3482,51
3483,4
3484,91
3485,31
3486,12
3487,2
3488,1
3489,4
3490,76
3491,59
3492,0
3493,0
3494,1
3495,2
3496,17
3497,1
3498,0
3499,5
3500,0
3501,1
3502,1
3503,22
3504,51
3505,4
3506,3
3507,20
3508,4
3509,78
3510,0
3511,0
3512,12
3513,2
3514,0
3515,0
3516,3
3517,39
3518,2
3519,5
3520,1
3521,9
3522,1
3523,5
3524,0
3525,0
3526,40
3527,11
3528,15
3529,11
3530,6
3531,4
3532,1
3533,31
3534,17
3535,20
3536,3
3537,0
3538,1
3539,1
3540,1
3541,0
3542,21
3543,85
3544,0
3545,2
3546,15
3547,1
3548,0
3549,0
3550,1
3551,106
3552,3
3553,0
3554,0
3555,17
3556,0
3557,3
3558,3
3559,1
3560,10
3561,0
3562,0
3563,0
3564,14
3565,180
3566,0
3567,0
3568,0
3569,0
3570,18
3571,1
3572,0
3573,4
3574,3
3575,0
3576,3
3577,0
3578,3
3579,0
3580,0
3581,860
3582,0
3583,39
3584,15
3585,2
3586,0
3587,0
3588,0
3589,0
3590,49
3591,39
3592,304
3593,44
3594,2
3595,0
3596,0
3597,0
3598,16
3599,1
3600,0
3601,2
3602,1
3603,0
3604,0
3605,1
3606,0
3607,0
3608,0
3609,25
3610,7
3611,10
3612,0
3613,7
3614,134
3615,0
3616,0
3617,1
3618,0
3619,0
3620,9
3621,0
3622,1
3623,233
3624,3
3625,10
3626,38
3627,0
3628,47
3629,1
3630,1
3631,28
3632,15
3633,0
3634,3
3635,1
3636,0
3637,0
3638,3
3639,198
3640,2
3641,4
3642,150
3643,9
3644,0
3645,0
3646,1
3647,7
3648,111
3649,2
3650,0
3651,3
3652,1
3653,14
3654,1
3655,1
3656,2
3657,14
3658,5
3659,23
3660,16
3661,16
3662,5
3663,15
3664,7
3665,3
3666,34
3667,4
3668,0
3669,13
3670,6
3671,4
3672,8
3673,3
3674,5
3675,0
3676,0
3677,2
3678,3
3679,0
3680,1
3681,1
3682,1
3683,10
3684,4
3685,1
3686,9
3687,64
3688,3
3689,7
3690,11
3691,2
3692,4
3693,22
3694,0
3695,31
3696,47
3697,10
3698,3
3699,21
3700,47
3701,3
3702,9
3703,0
3704,27
3705,3
3706,198
3707,115
3708,1
3709,3
3710,582
3711,33
3712,0
3713,1
3714,2
3715,13
3716,2
3717,0
3718,1
3719,5
3720,11
3721,40
3722,4
3723,2
3724,0
3725,0
3726,23
3727,2
3728,1
3729,168
3730,0
3731,0
3732,11
3733,8
3734,2
3735,2
3736,23
3737,4
3738,8
3739,7
3740,7
3741,0
3742,8
3743,3
3744,11
3745,2
3746,24
3747,6
3748,0
3749,3
3750,428
3751,0
3752,18
3753,17
3754,0
3755,0
3756,4
3757,0
3758,0
3759,8
3760,32
3761,2
3762,0
3763,10
3764,3
3765,0
3766,2
3767,3
3768,2
3769,2
3770,55
3771,10
3772,1
3773,38
3774,19
3775,8
3776,1
3777,24
3778,32
3779,0
3780,0
3781,8
3782,2
3783,30
3784,0
3785,2
3786,69
3787,367
3788,2
3789,0
3790,0
3791,0
3792,5
3793,0
3794,15
3795,1
3796,68
3797,17
3798,59
3799,5
3800,1
3801,4
3802,4
3803,0
3804,68
3805,0
3806,60
3807,2
3808,4
3809,7
3810,3
3811,6
3812,0
3813,1
3814,6
3815,3
3816,2
3817,61
3818,1
3819,8
3820,13
3821,28
3822,4
3823,21
3824,3
3825,14
3826,0
3827,24
3828,7
3829,19
3830,13
3831,0
3832,3
3833,0
3834,11
3835,83
3836,7
3837,1
3838,0
3839,27
3840,9
3841,9
3842,0
3843,1
3844,44
3845,5
3846,6
3847,203
3848,1
3849,9
3850,0
3851,12
3852,22
3853,17
3854,17
3855,0
3856,2
3857,254
3858,62
3859,1
3860,113
3861,2
3862,6
3863,23
3864,0
3865,0
3866,37
3867,0
3868,0
3869,4
3870,5
3871,4
3872,3
3873,10
3874,17
3875,1
3876,0
3877,2
3878,1
3879,4
3880,0
3881,68
3882,4
3883,5
3884,0
3885,0
3886,12
3887,0
3888,5
3889,0
3890,47
3891,1
3892,44
3893,4
3894,19
3895,23
3896,1
3897,6
3898,125
3899,6
3900,0
3901,3
3902,2
3903,10
3904,0
3905,1
3906,43
3907,1
3908,0
3909,56
3910,1
3911,2
3912,19
3913,32
3914,1
3915,9
3916,2
3917,2
3918,6
3919,0
3920,1
3921,17
3922,1
3923,0
3924,3
3925,151
3926,33
3927,11
3928,2
3929,215
3930,23
3931,9
3932,11
3933,114
3934,2
3935,1
3936,0
3937,5
3938,3
3939,1
3940,2
3941,3
3942,1
3943,1
3944,0
3945,3
3946,2
3947,27
3948,27
3949,5
3950,0
3951,19
3952,0
3953,2
3954,6
3955,11
3956,23
3957,0
3958,6
3959,1
3960,0
3961,1
3962,2
3963,1
3964,4
3965,3
3966,0
3967,2
3968,1
3969,2
3970,1
3971,151
3972,23
3973,11
3974,6
3975,2
3976,2
3977,1
3978,3
3979,4
3980,1
3981,0
3982,9
3983,4
3984,29
3985,0
3986,0
3987,0
3988,37
3989,203
3990,37
3991,0
3992,16
3993,14
3994,2
3995,3
3996,0
3997,26
3998,1
3999,3
4000,6
4001,0
4002,6
4003,2
4004,20
4005,1
4006,1
4007,0
4008,0
4009,1
4010,1
4011,0
4012,0
4013,0
4014,44
4015,18
4016,1
4017,2
4018,6
4019,0
4020,0
4021,17
4022,70
4023,4
4024,1
4025,2
4026,4
4027,0
4028,1
4029,3
4030,8
4031,7
4032,4
4033,8
4034,1
4035,17
4036,3
4037,0
4038,11
4039,4
4040,0
4041,48
4042,88
4043,3
4044,29
4045,102
4046,9
4047,0
4048,10
4049,4
4050,0
4051,2
4052,1
4053,3
4054,5
4055,3
4056,0
4057,125
4058,1
4059,16
4060,76
4061,1
4062,0
4063,27
4064,2
4065,7
4066,12
4067,0
4068,18
4069,0
4070,71
4071,26
4072,76
4073,9
4074,7
4075,5
4076,20
4077,5
4078,0
4079,0
4080,2
4081,5
4082,2
4083,40
4084,0
4085,0
4086,6
4087,17
4088,23
4089,251
4090,1
4091,0
4092,25
4093,72
4094,4
4095,0
4096,4
4097,2
4098,20
4099,18
4100,2
4101,10
4102,0
4103,2
4104,18
4105,13
4106,0
4107,7
4108,0
4109,739
4110,1
4111,2
4112,0
4113,1
4114,5
4115,2
4116,0
4117,21
4118,2
4119,6
4120,18
4121,0
4122,0
4123,1
4124,3
4125,0
4126,4
4127,20
4128,0
4129,0
4130,3
4131,142
4132,149
4133,93
4134,0
4135,1
4136,19
4137,6
4138,28
4139,1
4140,0
4141,548
4142,0
4143,3
4144,13
4145,0
4146,13
4147,11
4148,9
4149,7
4150,2
4151,13
4152,204
4153,1
4154,1
4155,0
4156,4
4157,19
4158,6
4159,10
4160,4
4161,8
4162,19
4163,5
4164,0
4165,7
4166,4
4167,14
4168,18
4169,3
4170,1
4171,14
4172,4
4173,1
4174,5
4175,4
4176,1
4177,34
4178,138
4179,1
4180,3
4181,3
4182,0
4183,3
4184,1
4185,11
4186,3
4187,345
4188,14
4189,12
4190,9
4191,0
4192,3
4193,25
4194,21
4195,30
4196,0
4197,32
4198,26
4199,2
4200,17
4201,0
4202,12
4203,1
4204,5
4205,1
4206,11
4207,10
4208,2
4209,1
4210,260
4211,0
4212,121
4213,11
4214,356
4215,1
4216,5
4217,1
4218,9
4219,6
4220,9
4221,1
4222,233
4223,6
4224,528
4225,20
4226,55
4227,10
4228,0
4229,3
4230,7
4231,11
4232,43
4233,28
4234,1
4235,1
4236,19
4237,230
4238,12
4239,33
4240,0
4241,12
4242,1
4243,0
4244,0
4245,9
4246,26
4247,1
4248,5
4249,1
4250,16
4251,39
4252,1
4253,13
4254,0
4255,7
4256,6
4257,1
4258,0
4259,3
4260,23
4261,5
4262,1
4263,2
4264,7
4265,1
4266,3
4267,5
4268,4
4269,1
4270,2
4271,7
4272,3
4273,0
4274,3
4275,2
4276,174
4277,11
4278,1
4279,13
4280,36
4281,18
4282,1
4283,181
4284,395
4285,7
4286,0
4287,39
4288,2
4289,91
4290,21
4291,1
4292,0
4293,0
4294,9
4295,3
4296,3
4297,40
4298,17
4299,16
4300,131
4301,9
4302,8
4303,1
4304,2
4305,2
4306,6
4307,1
4308,0
4309,81
4310,0
4311,0
4312,0
4313,0
4314,2
4315,2
4316,13
4317,76
4318,0
4319,0
4320,10
4321,0
4322,3
4323,26
4324,12
4325,2
4326,6
4327,1
4328,3
4329,13
4330,0
4331,10
4332,28
4333,154
4334,1
4335,3
4336,11
4337,1
4338,0
4339,3
4340,0
4341,4
4342,0
4343,1
4344,1
4345,2
4346,77
4347,766
4348,7
4349,1
4350,251
4351,57
4352,40
4353,2
4354,0
4355,0
4356,105
4357,3
4358,132
4359,19
4360,4
4361,1
4362,4
4363,42
4364,2
4365,95
4366,41
4367,7
4368,0
4369,21
4370,5
4371,12
4372,1
4373,2
4374,1
4375,3
4376,222
4377,1
4378,5
4379,21
4380,4
4381,10
4382,23
4383,11
4384,11
4385,3
4386,0
4387,38
4388,68
4389,0
4390,0
4391,108
4392,3
4393,0
4394,0
4395,12
4396,32
4397,167
4398,4
4399,81
4400,72
4401,43
4402,5
4403,1
4404,0
4405,0
4406,2
4407,0
4408,0
4409,5
4410,66
4411,27
4412,27
4413,1
4414,26
4415,3
4416,1
4417,1
4418,7
4419,1
4420,7
4421,19
4422,16
4423,46
4424,0
4425,22
4426,11
4427,1
4428,27
4429,1
4430,2
4431,1
4432,1
4433,1
4434,0
4435,13
4436,3
4437,10
4438,0
4439,1
4440,4
4441,3
4442,6
4443,8
4444,31
4445,1
4446,0
4447,111
4448,29
4449,114
4450,10
4451,2
4452,2
4453,0
4454,0
4455,5
4456,251
4457,0
4458,42
4459,4
4460,7
4461,37
4462,0
4463,5
4464,8
4465,0
4466,0
4467,76
4468,1
4469,6
4470,1
4471,6
4472,1
4473,1
4474,30
4475,0
4476,3
4477,0
4478,8
4479,6
4480,0
4481,51
4482,0
4483,4
4484,1
4485,3
4486,1
4487,50
4488,5
4489,806
4490,8
4491,0
4492,1
4493,2
4494,140
4495,1
4496,29
4497,3
4498,23
4499,2
4500,1
4501,0
4502,0
4503,0
4504,20
4505,1
4506,10
4507,0
4508,27
4509,8
4510,1
4511,0
4512,53
4513,19
4514,9
4515,206
4516,93
4517,201
4518,5
4519,0
4520,1
4521,29
4522,44
4523,1
4524,6
4525,0
4526,2
4527,2
4528,6
4529,9
4530,8
4531,1
4532,12
4533,6
4534,0
4535,116
4536,3
4537,2
4538,121
4539,11
4540,32
4541,3
4542,104
4543,2
4544,2
4545,4
4546,1
4547,3
4548,8
4549,3
4550,27
4551,7
4552,9
4553,21
4554,2
4555,222
4556,5
4557,10
4558,0
4559,1
4560,3
4561,8
4562,1
4563,0
4564,0
4565,15
4566,8
4567,3
4568,16
4569,278
4570,0
4571,0
4572,2
4573,41
4574,0
4575,19
4576,18
4577,41
4578,0
4579,2
4580,1
4581,85
4582,0
4583,1
4584,0
4585,0
4586,31
4587,13
4588,5
4589,7
4590,1
4591,3
4592,1
4593,0
4594,14
4595,16
4596,3
4597,2
4598,1
4599,0
4600,19
4601,1
4602,9
4603,7
4604,37
4605,0
4606,64
4607,0
4608,48
4609,0
4610,9
4611,28
4612,1
4613,27
4614,926
4615,5
4616,67
4617,0
4618,0
4619,0
4620,3
4621,1
4622,19
4623,7
4624,6
4625,52
4626,129
4627,7
4628,0
4629,16
4630,2
4631,0
4632,4
4633,0
4634,1
4635,14
4636,0
4637,7
4638,16
4639,19
4640,0
4641,1
4642,1
4643,58
4644,279
4645,2
4646,0
4647,7
4648,45
4649,20
4650,41
4651,3
4652,1
4653,367
4654,0
4655,75
4656,3
4657,0
4658,4
4659,93
4660,20
4661,4
4662,11
4663,33
4664,13
4665,0
4666,1
4667,0
4668,7
4669,1
4670,1
4671,7
4672,1
4673,4
4674,1
4675,0
4676,1
4677,0
4678,0
4679,46
4680,13
4681,233
4682,3
4683,38
4684,1
4685,25
4686,0
4687,1
4688,58
4689,40
4690,3
4691,46
4692,0
4693,1
4694,1
4695,1
4696,1
4697,27
4698,27
4699,20
4700,2
4701,0
4702,15
4703,64
4704,44
4705,10
4706,0
4707,8
4708,1
4709,0
4710,8
4711,26
4712,7
4713,0
4714,61
4715,2
4716,0
4717,0
4718,2
4719,2
4720,0
4721,1
4722,0
4723,2
4724,740
4725,0
4726,2
4727,0
4728,44
4729,0
4730,0
4731,8
4732,13
4733,16
4734,0
4735,0
4736,7
4737,3
4738,0
4739,1
4740,1
4741,54
4742,39
4743,8
4744,10
4745,1
4746,24
4747,9
4748,5
4749,1
4750,7
4751,24
4752,14
4753,9
4754,1
4755,0
4756,236
4757,26
4758,59
4759,4
4760,165
4761,8
4762,3
4763,47
4764,90
4765,0
4766,4
4767,0
4768,62
4769,5
4770,0
4771,694
4772,10
4773,0
4774,21
4775,40
4776,3
4777,0
4778,0
4779,7
4780,0
4781,0
4782,11
4783,38
4784,16
4785,172
4786,0
4787,15
4788,15
4789,1
4790,6
4791,0
4792,5
4793,9
4794,2
4795,696
4796,8
4797,1
4798,1
4799,11
4800,0
4801,2
4802,1
4803,135
4804,8
4805,1
4806,57
4807,3
4808,2
4809,2
4810,0
4811,1
4812,0
4813,1
4814,40
4815,0
4816,0
4817,117
4818,15
4819,0
4820,2
4821,21
4822,5
4823,10
4824,2
4825,12
4826,1
4827,7
4828,1
4829,351
4830,9
4831,5
4832,81
4833,0
4834,1
4835,0
4836,1
4837,3
4838,14
4839,1
4840,0
4841,7
4842,0
4843,1
4844,1
4845,0
4846,75
4847,9
4848,62
4849,5
4850,0
4851,0
4852,13
4853,11
4854,15
4855,2
4856,3
4857,10
4858,1
4859,31
4860,3
4861,4
4862,1
4863,5
4864,1
4865,1
4866,7
4867,6
4868,1
4869,39
4870,1
4871,26
4872,17
4873,0
4874,4
4875,1
4876,23
4877,1
4878,2
4879,0
4880,4
4881,1
4882,0
4883,2
4884,4
4885,88
4886,22
4887,0
4888,47
4889,19
4890,1
4891,4
4892,532
4893,0
4894,13
4895,0
4896,1
4897,1
4898,10
4899,62
4900,3
4901,4
4902,1
4903,0
4904,523
4905,2
4906,40
4907,32
4908,8
4909,0
4910,227
4911,42
4912,1
4913,0
4914,1
4915,8
4916,0
4917,20
4918,580
4919,14
4920,28
4921,0
4922,3
4923,22
4924,9
4925,0
4926,0
4927,14
4928,24
4929,6
4930,5
4931,5
4932,9
4933,1
4934,1
4935,31
4936,0
4937,5
4938,1
4939,0
4940,13
4941,0
4942,36
4943,1
4944,2
4945,6
4946,4
4947,50
4948,2
4949,2
4950,7
4951,36
4952,3
4953,6
4954,174
4955,0
4956,5
4957,13
4958,1
4959,64
4960,0
4961,43
4962,1
4963,10
4964,5
4965,2
4966,0
4967,59
4968,0
4969,2
4970,35
4971,0
4972,1
4973,397
4974,4
4975,355
4976,28
4977,0
4978,28
4979,0
4980,22
4981,3
4982,2
4983,105
4984,1
4985,274
4986,10
4987,3
4988,4
4989,22
4990,60
4991,43
4992,3
4993,0
4994,1
4995,0
4996,1
4997,1
4998,300
4999,900
5000,391
5001,16
5002,0
5003,14
5004,17
5005,31
5006,2
5007,40
5008,0
5009,0
5010,211
5011,52
5012,2
5013,6
5014,0
5015,2
5016,14
5017,1
5018,253
5019,0
5020,0
5021,0
5022,89
5023,0
5024,421
5025,1
5026,1
5027,0
5028,28
5029,0
5030,1
5031,15
5032,0
5033,10
5034,3
5035,1
5036,0
5037,1
5038,3
5039,0
5040,6
5041,0
5042,19
5043,60
5044,4
5045,3
5046,0
5047,0
5048,236
5049,51
5050,5
5051,3
5052,126
5053,40
5054,22
5055,27
5056,0
5057,3
5058,0
5059,0
5060,0
5061,6
5062,2
5063,4
5064,0
5065,0
5066,1
5067,0
5068,0
5069,0
5070,109
5071,10
5072,0
5073,3
5074,24
5075,87
5076,2
5077,3
5078,3
5079,48
5080,7
5081,69
5082,1
5083,8
5084,1
5085,40
5086,0
5087,0
5088,0
5089,8
5090,0
5091,11
5092,0
5093,0
5094,44
5095,0
5096,12
5097,35
5098,14
5099,2
5100,0
5101,10
5102,224
5103,1
5104,8
5105,1
5106,3
5107,0
5108,0
5109,15
5110,0
5111,0
5112,6
5113,1
5114,5
5115,4
5116,7
5117,3
5118,0
5119,31
5120,3
5121,79
5122,0
5123,142
5124,6
5125,877
5126,0
5127,20
5128,1
5129,1
5130,32
5131,0
5132,11
5133,0
5134,0
5135,1
5136,0
5137,10
5138,1
5139,1
5140,7
5141,10
5142,8
5143,1
5144,78
5145,0
5146,5
5147,1
5148,1
5149,0
5150,5
5151,5
5152,18
5153,15
5154,31
5155,2
5156,8
5157,0
5158,44
5159,6
5160,2
5161,14
5162,13
5163,33
5164,15
5165,481
5166,15
5167,7
5168,14
5169,3
5170,1
5171,7
5172,111
5173,9
5174,1
5175,7
5176,90
5177,35
5178,15
5179,4
5180,0
5181,0
5182,3
5183,33
5184,10
5185,1
5186,0
5187,19
5188,0
5189,2
5190,11
5191,10
5192,876
5193,16
5194,1
5195,1
5196,42
5197,0
5198,3
5199,0
5200,2
5201,284
5202,1
5203,4
5204,7
5205,0
5206,1
5207,23
5208,0
5209,1
5210,8
5211,0
5212,18
5213,1
5214,4
5215,0
5216,587
5217,5
5218,0
5219,0
5220,0
5221,0
5222,0
5223,36
5224,1
5225,0
5226,46
5227,7
5228,3
5229,1
5230,45
5231,26
5232,0
5233,1
5234,3
5235,0
5236,20
5237,3
5238,3
5239,2
5240,64
5241,14
5242,9
5243,7
5244,25
5245,0
5246,30
5247,15
5248,0
5249,8
5250,3
5251,16
5252,0
5253,0
5254,1
5255,26
5256,1
5257,25
5258,13
5259,3
5260,16
5261,30
5262,6
5263,0
5264,3
5265,9
5266,10
5267,21
5268,336
5269,8
5270,1
5271,3
5272,0
5273,0
5274,0
5275,1
5276,1
5277,0
5278,6
5279,0
5280,1
5281,3
5282,3
5283,9
5284,1
5285,13
5286,0
5287,2
5288,157
5289,0
5290,147
5291,18
5292,49
5293,1
5294,0
5295,26
5296,1
5297,3
5298,1
5299,0
5300,322
5301,1
5302,111
5303,0
5304,67
5305,5
5306,0
5307,4
5308,21
5309,22
5310,3
5311,2
5312,3
5313,1
5314,9
5315,12
5316,9
5317,1
5318,0
5319,76
5320,1
5321,2
5322,5
5323,0
5324,35
5325,35
5326,2
5327,3
5328,19
5329,14
5330,120
5331,0
5332,7
5333,1
5334,14
5335,66
5336,1
5337,36
5338,29
5339,43
5340,62
5341,5
5342,22
5343,2
5344,3
5345,0
5346,0
5347,6
5348,216
5349,1
5350,21
5351,4
5352,0
5353,2
5354,51
5355,24
5356,2
5357,11
5358,11
5359,83
5360,1
5361,0
5362,14
5363,8
5364,37
5365,1
5366,2
5367,2
5368,0
5369,21
5370,6
5371,2
5372,21
5373,0
5374,4
5375,0
5376,25
5377,6
5378,0
5379,1
5380,1
5381,9
5382,1
5383,0
5384,3
5385,1
5386,2
5387,5
5388,0
5389,1
5390,17
5391,61
5392,4
5393,0
5394,42
5395,0
5396,1
5397,0
5398,0
5399,0
5400,1
5401,2
5402,9
5403,0
5404,0
5405,1
5406,0
5407,849
5408,2
5409,0
5410,0
5411,0
5412,12
5413,2
5414,6
5415,48
5416,0
5417,2
5418,2
5419,142
5420,20
5421,1
5422,13
5423,3
5424,70
5425,30
5426,1
5427,0
5428,0
5429,3
5430,89
5431,0
5432,3
5433,13
5434,4
5435,41
5436,219
5437,0
5438,3
5439,2
5440,1
5441,0
5442,39
5443,3
5444,89
5445,4
5446,2
5447,1
5448,1
5449,1
5450,69
5451,0
5452,135
5453,1
5454,23
5455,3
5456,69
5457,0
5458,3
5459,3
5460,4
5461,8
5462,3
5463,0
5464,0
5465,1
5466,12
5467,1
5468,15
5469,1
5470,30
5471,248
5472,34
5473,0
5474,16
5475,3
5476,1
5477,29
5478,40
5479,16
5480,14
5481,74
5482,1
5483,24
5484,4
5485,103
5486,38
5487,63
5488,0
5489,29
5490,5
5491,47
5492,19
5493,0
5494,0
5495,7
5496,1
5497,2
5498,1
5499,1
5500,1
5501,1
5502,15
5503,0
5504,12
5505,2
5506,1
5507,7
5508,1
5509,13
5510,0
5511,77
5512,3
5513,1
5514,64
5515,3
5516,0
5517,0
5518,1
5519,1
5520,0
5521,40
5522,1
5523,54
5524,1
5525,0
5526,6
5527,7
5528,25
5529,0
5530,48
5531,21
5532,0
5533,88
5534,5
5535,5
5536,8
5537,239
5538,2
5539,0
5540,3
5541,11
5542,1
5543,0
5544,9
5545,1
5546,5
5547,36
5548,0
5549,37
5550,10
5551,0
5552,57
5553,35
5554,0
5555,10
5556,0
5557,0
5558,0
5559,1
5560,5
5561,487
5562,3
5563,2
5564,1
5565,37
5566,5
5567,0
5568,1
5569,7
5570,1
5571,0
5572,10
5573,0
5574,34
5575,7
5576,12
5577,0
5578,2
5579,1
5580,12
5581,2
5582,0
5583,1
5584,24
5585,98
5586,4
5587,17
5588,16
5589,2
5590,16
5591,0
5592,3
5593,0
5594,17
5595,39
5596,6
5597,0
5598,23
5599,0
5600,6
5601,0
5602,0
5603,1
5604,7
5605,6
5606,46
5607,2
5608,26
5609,93
5610,4
5611,30
5612,7
5613,3
5614,14
5615,64
5616,0
5617,24
5618,4
5619,1
5620,6
5621,5
5622,3
5623,4
5624,4
5625,495
5626,11
5627,3
5628,3
5629,10
5630,6
5631,4
5632,672
5633,9
5634,2
5635,2
5636,18
5637,4
5638,2
5639,0
5640,7
5641,42
5642,1
5643,1
5644,1
5645,15
5646,1
5647,15
5648,361
5649,6
5650,22
5651,11
5652,3
5653,0
5654,11
5655,27
5656,0
5657,10
5658,10
5659,0
5660,1
5661,15
5662,2
5663,12
5664,36
5665,239
5666,0
5667,6
5668,1
5669,164
5670,0
5671,15
5672,16
5673,3
5674,0
5675,0
5676,537
5677,4
5678,0
5679,1
5680,1
5681,15
5682,2
5683,15
5684,7
5685,1
5686,18
5687,0
5688,6
5689,195
5690,251
5691,1
5692,10
5693,4
5694,28
5695,3
5696,3
5697,14
5698,0
5699,0
5700,18
5701,62
5702,8
5703,3
5704,0
5705,4
5706,44
5707,1
5708,2
5709,0
5710,0
5711,231
5712,0
5713,404
5714,0
5715,3
5716,460
5717,2
5718,0
5719,1
5720,4
5721,12
5722,8
5723,1
5724,4
5725,2
5726,470
5727,9
5728,47
5729,19
5730,4
5731,0
5732,11
5733,5
5734,0
5735,3
5736,8
5737,6
5738,3
5739,0
5740,0
5741,1
5742,7
5743,29
5744,1
5745,0
5746,2
5747,1
5748,0
5749,0
5750,121
5751,1
5752,6
5753,1
5754,1
5755,237
5756,3
5757,13
5758,1
5759,0
5760,1
5761,0
5762,179
5763,0
5764,1
5765,9
5766,3
5767,15
5768,1
5769,8
5770,1
5771,10
5772,2
5773,1
5774,0
5775,7
5776,0
5777,0
5778,8
5779,17
5780,125
5781,1
5782,3
5783,9
5784,1
5785,2
5786,7
5787,4
5788,1
5789,2
5790,10
5791,6
5792,0
5793,18
5794,7
5795,0
5796,14
5797,0
5798,2
5799,4
5800,9
5801,771
5802,76
5803,27
5804,1
5805,24
5806,0
5807,13
5808,9
5809,0
5810,14
5811,16
5812,1
5813,10
5814,0
5815,27
5816,8
5817,0
5818,266
5819,23
5820,9
5821,0
5822,5
5823,3
5824,0
5825,22
5826,79
5827,469
5828,2
5829,4
5830,192
5831,15
5832,52
5833,0
5834,5
5835,3
5836,14
5837,0
5838,11
5839,2
5840,25
5841,0
5842,5
5843,1
5844,0
5845,104
5846,0
5847,1
5848,138
5849,0
5850,2
5851,409
5852,0
5853,58
5854,24
5855,3
5856,4
5857,38
5858,11
5859,1
5860,4
5861,2
5862,0
5863,521
5864,0
5865,11
5866,26
5867,26
5868,12
5869,3
5870,0
5871,23
5872,0
5873,3
5874,4
5875,0
5876,0
5877,48
5878,0
5879,4
5880,11
5881,1
5882,0
5883,9
5884,2
5885,149
5886,2
5887,1
5888,1
5889,25
5890,2
5891,1
5892,2
5893,72
5894,3
5895,295
5896,4
5897,11
5898,1
5899,31
5900,12
5901,54
5902,2
5903,0
5904,2
5905,5
5906,315
5907,0
5908,0
5909,11
5910,45
5911,2
5912,3
5913,44
5914,26
5915,81
5916,0
5917,2
5918,0
5919,0
5920,7
5921,2
5922,8
5923,3
5924,12
5925,12
5926,3
5927,0
5928,110
5929,0
5930,3
5931,421
5932,1
5933,4
5934,16
5935,4
5936,52
5937,1
5938,12
5939,1
5940,46
5941,9
5942,59
5943,9
5944,2
5945,120
5946,1
5947,0
5948,6
5949,2
5950,8
5951,32
5952,0
5953,16
5954,11
5955,11
5956,3
5957,0
5958,6
5959,14
5960,2
5961,1
5962,2
5963,4
5964,45
5965,3
5966,3
5967,0
5968,1
5969,4
5970,0
5971,1
5972,1
5973,22
5974,306
5975,0
5976,344
5977,6
5978,3
5979,0
5980,3
5981,42
5982,3
5983,5
5984,0
5985,30
5986,2
5987,10
5988,7
5989,56
5990,7
5991,1
5992,0
5993,0
5994,13
5995,0
5996,7
5997,0
5998,8
5999,13
6000,56
6001,9
6002,1
6003,365
6004,0
6005,2
6006,35
6007,6
6008,6
6009,11
6010,251
6011,2
6012,4
6013,10
6014,240
6015,22
6016,0
6017,75
6018,11
6019,1
6020,4
6021,11
6022,521
6023,0
6024,38
6025,3
6026,13
6027,284
6028,29
6029,0
6030,3
6031,3
6032,5
6033,0
6034,14
6035,0
6036,38
6037,3
6038,3
6039,117
6040,5
6041,7
6042,11
6043,0
6044,3
6045,13
6046,13
6047,36
6048,3
6049,11
6050,1
6051,14
6052,2
6053,1
6054,11
6055,1
6056,3
6057,16
6058,15
6059,1
6060,0
6061,0
6062,0
6063,124
6064,19
6065,4
6066,11
6067,57
6068,14
6069,0
6070,779
6071,15
6072,0
6073,0
6074,18
6075,0
6076,1
6077,1
6078,6
6079,0
6080,2
6081,25
6082,15
6083,0
6084,1
6085,1
6086,3
6087,2
6088,0
6089,0
6090,4
6091,0
6092,8
6093,0
6094,0
6095,11
6096,110
6097,10
6098,1
6099,0
6100,7
6101,8
6102,3
6103,0
6104,0
6105,41
6106,36
6107,7
6108,5
6109,0
6110,74
6111,2
6112,30
6113,7
6114,0
6115,4
6116,0
6117,6
6118,1
6119,0
6120,0
6121,5
6122,4
6123,0
6124,3
6125,3
6126,13
6127,3
6128,4
6129,67
6130,2
6131,3
6132,1
6133,7
6134,4
6135,3
6136,6
6137,1
6138,52
6139,34
6140,1
6141,2
6142,0
6143,3
6144,2
6145,0
6146,0
6147,1
6148,0
6149,0
6150,4
6151,22
6152,14
6153,2
6154,0
6155,2
6156,2
6157,0
6158,107
6159,1
6160,3
6161,30
6162,9
6163,2
6164,10
6165,4
6166,4
6167,2
6168,3
6169,26
6170,0
6171,1
6172,1
6173,1
6174,0
6175,1
6176,3
6177,5
6178,37
6179,0
6180,8
6181,4
6182,22
6183,27
6184,1
6185,74
6186,411
6187,1
6188,0
6189,76
6190,32
6191,4
6192,0
6193,0
6194,3
6195,24
6196,0
6197,0
6198,17
6199,0
6200,14
6201,0
6202,8
6203,1
6204,2
6205,0
6206,1
6207,2
6208,2
6209,18
6210,8
6211,0
6212,11
6213,7
6214,2
6215,1
6216,0
6217,16
6218,19
6219,0
6220,6
6221,0
6222,1
6223,49
6224,16
6225,209
6226,1
6227,3
6228,0
6229,32
6230,20
6231,23
6232,52
6233,39
6234,13
6235,51
6236,1
6237,1
6238,0
6239,0
6240,2
6241,5
6242,1
6243,3
6244,1
6245,1
6246,0
6247,1
6248,7
6249,2
6250,1
6251,1
6252,0
6253,0
6254,15
6255,8
6256,4
6257,455
6258,12
6259,7
6260,1
6261,39
6262,3
6263,1
6264,1
6265,14
6266,1
6267,0
6268,2
6269,21
6270,1
6271,242
6272,7
6273,3
6274,3
6275,0
6276,788
6277,2
6278,1
6279,159
6280,1
6281,4
6282,10
6283,1
6284,2
6285,27
6286,7
6287,0
6288,0
6289,2
6290,1
6291,0
6292,10
6293,9
6294,3
6295,14
6296,5
6297,31
6298,2
6299,25
6300,1
6301,191
6302,2
6303,0
6304,3
6305,5
6306,13
6307,78
6308,0
6309,2
6310,1
6311,29
6312,68
6313,113
6314,24
6315,3
6316,1
6317,1
6318,13
6319,0
6320,44
6321,0
6322,1
6323,8
6324,22
6325,8
6326,3
6327,1
6328,1
6329,2
6330,8
6331,0
6332,93
6333,1
6334,8
6335,6
6336,9
6337,0
6338,2
6339,1
6340,29
6341,10
6342,3
6343,4
6344,1
6345,121
6346,76
6347,1
6348,1
6349,75
6350,1
6351,1
6352,15
6353,0
6354,0
6355,0
6356,0
6357,5
6358,0
6359,0
6360,1
6361,2
6362,4
6363,45
6364,17
6365,8
6366,1
6367,0
6368,1
6369,0
6370,1
6371,0
6372,4
6373,1
6374,13
6375,25
6376,0
6377,68
6378,0
6379,0
6380,0
6381,132
6382,0
6383,14
6384,103
6385,6
6386,115
6387,0
6388,0
6389,0
6390,3
6391,2
6392,31
6393,0
6394,0
6395,12
6396,55
6397,4
6398,1
6399,3
6400,10
6401,1
6402,3
6403,61
6404,43
6405,15
6406,2
6407,58
6408,173
6409,20
6410,17
6411,194
6412,3
6413,0
6414,3
6415,2
6416,91
6417,11
6418,2
6419,174
6420,0
6421,1
6422,5
6423,14
6424,1
6425,26
6426,5
6427,0
6428,2
6429,22
6430,1
6431,0
6432,1
6433,3
6434,147
6435,3
6436,27
6437,13
6438,51
6439,16
6440,7
6441,75
6442,0
6443,1
6444,8
6445,10
6446,8
6447,5
6448,1
6449,8
6450,45
6451,19
6452,1
6453,4
6454,85
6455,17
6456,0
6457,1
6458,0
6459,1
6460,14
6461,1
6462,3
6463,1
6464,794
6465,2
6466,0
6467,0
6468,1
6469,1
6470,0
6471,2
6472,1
6473,1
6474,3
6475,2
6476,24
6477,0
6478,60
6479,13
6480,24
6481,1
6482,4
6483,0
6484,11
6485,6
6486,23
6487,11
6488,3
6489,37
6490,0
6491,4
6492,5
6493,0
6494,2
6495,10
6496,37
6497,0
6498,43
6499,25
6500,1
6501,4
6502,228
6503,0
6504,2
6505,1
6506,38
6507,3
6508,2
6509,0
6510,0
6511,7
6512,6
6513,6
6514,93
6515,1
6516,32
6517,0
6518,2
6519,0
6520,11
6521,46
6522,10
6523,316
6524,3
6525,0
6526,18
6527,215
6528,1
6529,37
6530,4
6531,0
6532,27
6533,4
6534,1
6535,0
6536,379
6537,0
6538,188
6539,0
6540,2
6541,27
6542,15
6543,0
6544,0
6545,2
6546,128
6547,6
6548,1
6549,0
6550,6
6551,0
6552,14
6553,2
6554,4
6555,2
6556,10
6557,0
6558,52
6559,0
6560,4
6561,1
6562,2
6563,0
6564,61
6565,27
6566,5
6567,30
6568,0
6569,1
6570,62
6571,1
6572,1
6573,4
6574,3
6575,1
6576,14
6577,1
6578,0
6579,0
6580,1
6581,1
6582,2
6583,0
6584,3
6585,1
6586,39
6587,0
6588,11
6589,8
6590,0
6591,18
6592,7
6593,0
6594,17
6595,2
6596,4
6597,577
6598,12
6599,1
6600,1
6601,2
6602,0
6603,0
6604,39
6605,8
6606,13
6607,10
6608,1
6609,28
6610,30
6611,0
6612,3
6613,4
6614,7
6615,9
6616,0
6617,10
6618,10
6619,4
6620,3
6621,129
6622,4
6623,5
6624,9
6625,0
6626,33
6627,8
6628,15
6629,0
6630,1
6631,6
6632,1
6633,0
6634,18
6635,1
6636,1
6637,1
6638,52
6639,37
6640,1
6641,24
6642,1
6643,0
6644,1
6645,0
6646,1
6647,7
6648,53
6649,1
6650,0
6651,31
6652,3
6653,0
6654,26
6655,1
6656,137
6657,39
6658,12
6659,85
6660,55
6661,6
6662,2
6663,5
6664,36
6665,7
6666,615
6667,0
6668,161
6669,7
6670,3
6671,48
6672,6
6673,0
6674,1
6675,10
6676,0
6677,4
6678,4
6679,7
6680,2
6681,27
6682,9
6683,53
6684,0
6685,16
6686,0
6687,0
6688,1
6689,0
6690,161
6691,521
6692,0
6693,6
6694,1
6695,11
6696,16
6697,0
6698,2
6699,19
6700,340
6701,3
6702,9
6703,0
6704,2
6705,3
6706,5
6707,10
6708,1
6709,27
6710,1
6711,3
6712,10
6713,21
6714,1
6715,54
6716,0
6717,0
6718,1
6719,0
6720,1
6721,1
6722,1
6723,4
6724,10
6725,1
6726,2
6727,1
6728,0
6729,10
6730,14
6731,2
6732,0
6733,0
6734,738
6735,0
6736,9
6737,23
6738,1
6739,29
6740,24
6741,2
6742,26
6743,0
6744,2
6745,1
6746,20
6747,15
6748,0
6749,0
6750,0
6751,1
6752,156
6753,1
6754,0
6755,4
6756,0
6757,25
6758,27
6759,1
6760,4
6761,0
6762,0
6763,4
6764,33
6765,1
6766,0
6767,0
6768,0
6769,11
6770,3
6771,59
6772,52
6773,1
6774,5
6775,1
6776,1
6777,1
6778,7
6779,13
6780,1
6781,2
6782,77
6783,5
6784,9
6785,5
6786,2
6787,0
6788,4
6789,1
6790,9
6791,2
6792,62
6793,5
6794,0
6795,13
6796,0
6797,8
6798,141
6799,1
6800,0
6801,1
6802,2
6803,3
6804,35
6805,2
6806,0
6807,1
6808,1
6809,12
6810,1
6811,2
6812,1
6813,5
6814,16
6815,3
6816,7
6817,0
6818,0
6819,27
6820,14
6821,9
6822,9
6823,69
6824,2
6825,3
6826,0
6827,142
6828,72
6829,3
6830,25
6831,8
6832,21
6833,3
6834,4
6835,7
6836,1
6837,14
6838,0
6839,1
6840,0
6841,95
6842,1
6843,1
6844,12
6845,28
6846,23
6847,0
6848,4
6849,0
6850,0
6851,0
6852,143
6853,115
6854,54
6855,0
6856,8
6857,5
6858,1
6859,2
6860,14
6861,5
6862,15
6863,0
6864,5
6865,2
6866,8
6867,2
6868,2
6869,65
6870,1
6871,0
6872,10
6873,3
6874,5
6875,2
6876,1
6877,1
6878,121
6879,0
6880,0
6881,0
6882,0
6883,0
6884,3
6885,0
6886,19
6887,23
6888,0
6889,20
6890,0
6891,0
6892,1
6893,0
6894,57
6895,1
6896,1
6897,49
6898,180
6899,6
6900,2
6901,6
6902,1
6903,8
6904,2
6905,0
6906,8
6907,3
6908,1
6909,62
6910,0
6911,16
6912,1
6913,8
6914,1
6915,68
6916,10
6917,11
6918,33
6919,2
6920,11
6921,6
6922,60
6923,0
6924,2
6925,189
6926,4
6927,10
6928,0
6929,0
6930,1
6931,4
6932,23
6933,1
6934,0
6935,4
6936,11
6937,167
6938,2
6939,24
6940,0
6941,6
6942,0
6943,10
6944,29
6945,11
6946,0
6947,0
6948,0
6949,37
6950,0
6951,0
6952,184
6953,2
6954,19
6955,69
6956,21
6957,3
6958,0
6959,91
6960,4
6961,1
6962,0
6963,4
6964,21
6965,155
6966,0
6967,15
6968,3
6969,26
6970,3
6971,0
6972,0
6973,33
6974,0
6975,1
6976,6
6977,0
6978,19
6979,6
6980,89
6981,18
6982,3
6983,0
6984,1
6985,14
6986,0
6987,45
6988,4
6989,14
6990,0
6991,8
6992,4
6993,49
6994,0
6995,0
6996,0
6997,1
6998,56
6999,0
7000,1
7001,179
7002,27
7003,5
7004,0
7005,4
7006,175
7007,30
7008,1
7009,15
7010,3
7011,1
7012,4
7013,4
7014,38
7015,2
7016,2
7017,19
7018,0
7019,5
7020,37
7021,15
7022,0
7023,27
7024,12
7025,0
7026,6
7027,3
7028,8
7029,0
7030,3
7031,0
7032,0
7033,4
7034,11
7035,3
7036,9
7037,14
7038,0
7039,1
7040,4
7041,2
7042,56
7043,49
7044,1
7045,0
7046,0
7047,1
7048,1
7049,5
7050,89
7051,1
7052,0
7053,36
7054,0
7055,1
7056,0
7057,6
7058,159
7059,6
7060,21
7061,0
7062,3
7063,5
7064,0
7065,14
7066,18
7067,786
7068,15
7069,0
7070,17
7071,3
7072,12
7073,19
7074,3
7075,0
7076,2
7077,4
7078,5
7079,9
7080,1
7081,131
7082,6
7083,0
7084,9
7085,44
7086,31
7087,1
7088,0
7089,0
7090,15
7091,255
7092,6
7093,404
7094,51
7095,7
7096,21
7097,25
7098,1
7099,5
7100,62
7101,150
7102,1
7103,2
7104,0
7105,0
7106,15
7107,1
7108,2
7109,1
7110,11
7111,0
7112,1
7113,0
7114,0
7115,0
7116,1
7117,3
7118,91
7119,8
7120,1
7121,3
7122,23
7123,2
7124,3
7125,22
7126,0
7127,8
7128,48
7129,0
7130,8
7131,16
7132,18
7133,20
7134,0
7135,23
7136,8
7137,6
7138,2
7139,0
7140,1
7141,17
7142,28
7143,13
7144,19
7145,22
7146,4
7147,0
7148,2
7149,0
7150,4
7151,3
7152,1
7153,21
7154,0
7155,11
7156,10
7157,3
7158,1
7159,3
7160,15
7161,2
7162,4
7163,1
7164,5
7165,3
7166,26
7167,1
7168,1
7169,8
7170,1
7171,0
7172,0
7173,2
7174,0
7175,0
7176,51
7177,0
7178,5
7179,0
7180,3
7181,0
7182,1
7183,1
7184,13
7185,12
7186,13
7187,13
7188,5
7189,288
7190,0
7191,3
7192,1
7193,9
7194,0
7195,1
7196,22
7197,29
7198,7
7199,34
7200,10
7201,1
7202,24
7203,20
7204,19
7205,9
7206,4
7207,6
7208,118
7209,1
7210,0
7211,0
7212,7
7213,6
7214,7
7215,7
7216,55
7217,0
7218,1
7219,356
7220,30
7221,3
7222,0
7223,5
7224,0
7225,3
7226,0
7227,1
7228,2
7229,1
7230,1
7231,1
7232,3
7233,0
7234,0
7235,1
7236,1
7237,1
7238,3
7239,0
7240,0
7241,5
7242,1
7243,2
7244,4
7245,20
7246,2
7247,11
7248,29
7249,52
7250,1
7251,23
7252,15
7253,5
7254,10
7255,0
7256,7
7257,0
7258,0
7259,3
7260,679
7261,65
7262,2
7263,13
7264,6
7265,0
7266,0
7267,44
7268,2
7269,11
7270,47
7271,38
7272,9
7273,0
7274,1
7275,7
7276,2
7277,40
7278,1
7279,1
7280,5
7281,0
7282,13
7283,3
7284,9
7285,12
7286,1
7287,0
7288,46
7289,3
7290,47
7291,0
7292,4
7293,33
7294,2
7295,83
7296,16
7297,3
7298,4
7299,0
7300,10
7301,1
7302,9
7303,11
7304,6
7305,5
7306,48
7307,4
7308,4
7309,16
7310,4
7311,6
7312,4
7313,1
7314,0
7315,36
7316,1
7317,1
7318,2
7319,2
7320,0
7321,0
7322,8
7323,0
7324,123
7325,0
7326,2
7327,65
7328,0
7329,11
7330,14
7331,3
7332,3
7333,23
7334,0
7335,4
7336,1
7337,10
7338,1
7339,0
7340,1
7341,3
7342,0
7343,7
7344,13
7345,24
7346,0
7347,11
7348,0
7349,4
7350,3
7351,0
7352,1
7353,10
7354,6
7355,0
7356,0
7357,10
7358,4
7359,1
7360,29
7361,7
7362,9
7363,2
7364,35
7365,3
7366,44
7367,208
7368,5
7369,2
7370,28
7371,1
7372,1
7373,88
7374,21
7375,0
7376,0
7377,0
7378,0
7379,67
7380,1
7381,44
7382,1
7383,2
7384,2
7385,12
7386,1
7387,2
7388,1
7389,9
7390,3
7391,1
7392,57
7393,3
7394,1
7395,1
7396,2
7397,3
7398,1
7399,8
7400,2
7401,1
7402,1
7403,0
7404,2
7405,0
7406,0
7407,2
7408,0
7409,14
7410,1
7411,8
7412,23
7413,0
7414,24
7415,447
7416,5
7417,3
7418,4
7419,90
7420,43
7421,0
7422,10
7423,0
7424,7
7425,171
7426,0
7427,11
7428,11
7429,54
7430,0
7431,9
7432,274
7433,0
7434,0
7435,2
7436,44
7437,0
7438,24
7439,5
7440,0
7441,1
7442,0
7443,3
7444,3
7445,2
7446,4
7447,1
7448,9
7449,1
7450,2
7451,20
7452,28
7453,1
7454,1
7455,16
7456,3
7457,0
7458,0
7459,3
7460,1
7461,10
7462,0
7463,44
7464,0
7465,13
7466,3
7467,5
7468,21
7469,3
7470,1
7471,24
7472,2
7473,0
7474,0
7475,4
7476,1
7477,0
7478,3
7479,31
7480,0
7481,2
7482,2
7483,0
7484,1
7485,147
7486,10
7487,0
7488,1
7489,1
7490,7
7491,0
7492,1
7493,1
7494,1
7495,1
7496,11
7497,16
7498,15
7499,1
7500,1
7501,17
7502,93
7503,0
7504,0
7505,3
7506,10
7507,26
7508,368
7509,10
7510,1
7511,1
7512,5
7513,5
7514,2
7515,303
7516,1
7517,0
7518,1
7519,3
7520,6
7521,28
7522,11
7523,1
7524,5
7525,5
7526,2
7527,137
7528,10
7529,6
7530,3
7531,2
7532,2
7533,65
7534,1
7535,7
7536,4
7537,48
7538,17
7539,1
7540,0
7541,2
7542,0
7543,0
7544,1
7545,2
7546,47
7547,1
7548,10
7549,4
7550,0
7551,10
7552,5
7553,0
7554,1
7555,1
7556,17
7557,3
7558,0
7559,0
7560,0
7561,18
7562,84
7563,5
7564,0
7565,3
7566,5
7567,1
7568,1
7569,5
7570,54
7571,44
7572,7
7573,0
7574,235
7575,1
7576,3
7577,4
7578,4
7579,0
7580,2
7581,0
7582,48
7583,16
7584,6
7585,280
7586,43
7587,3
7588,3
7589,0
7590,1
7591,0
7592,13
7593,2
7594,367
7595,31
7596,33
7597,0
7598,50
7599,30
7600,1
7601,0
7602,1
7603,11
7604,0
7605,1
7606,9
7607,29
7608,0
7609,0
7610,18
7611,10
7612,0
7613,26
7614,25
7615,152
7616,0
7617,54
7618,5
7619,2
7620,14
7621,0
7622,3
7623,6
7624,0
7625,5
7626,0
7627,1
7628,7
7629,3
7630,10
7631,4
7632,41
7633,0
7634,19
7635,0
7636,106
7637,6
7638,8
7639,1
7640,31
7641,1
7642,5
7643,140
7644,1
7645,1
7646,122
7647,9
7648,29
7649,44
7650,2
7651,2
7652,0
7653,13
7654,11
7655,1
7656,2
7657,0
7658,33
7659,0
7660,11
7661,1
7662,71
7663,37
7664,0
7665,3
7666,1
7667,6
7668,3
7669,3
7670,2
7671,20
7672,11
7673,11
7674,9
7675,18
7676,0
7677,0
7678,1
7679,21
7680,138
7681,20
7682,0
7683,3
7684,0
7685,3
7686,21
7687,1
7688,0
7689,0
7690,14
7691,0
7692,864
7693,0
7694,3
7695,46
7696,3
7697,6
7698,4
7699,1
7700,1
7701,2
7702,0
7703,0
7704,11
7705,14
7706,0
7707,0
7708,6
7709,0
7710,1
7711,0
7712,13
7713,150
7714,61
7715,4
7716,1
7717,3
7718,23
7719,0
7720,0
7721,4
7722,55
7723,1
7724,10
7725,3
7726,3
7727,10
7728,7
7729,0
7730,6
7731,1
7732,35
7733,1
7734,3
7735,0
7736,1
7737,1
7738,172
7739,0
7740,1
7741,5
7742,10
7743,0
7744,5
7745,1
7746,0
7747,0
7748,6
7749,0
7750,3
7751,0
7752,220
7753,6
7754,24
7755,3
7756,47
7757,4
7758,0
7759,1
7760,2
7761,3
7762,0
7763,0
7764,1
7765,16
7766,3
7767,33
7768,22
7769,0
7770,753
7771,3
7772,0
7773,20
7774,1
7775,2
7776,15
7777,0
7778,1
7779,156
7780,0
7781,0
7782,10
7783,16
7784,33
7785,0
7786,19
7787,8
7788,19
7789,0
7790,0
7791,0
7792,386
7793,4
7794,12
7795,96
7796,7
7797,0
7798,9
7799,3
7800,1
7801,91
7802,0
7803,0
7804,0
7805,1
7806,10
7807,0
7808,0
7809,84
7810,1
7811,35
7812,0
7813,1
7814,0
7815,9
7816,3
7817,20
7818,31
7819,81
7820,2
7821,3
7822,0
7823,41
7824,0
7825,11
7826,1
7827,0
7828,2
7829,0
7830,21
7831,24
7832,1
7833,26
7834,5
7835,1
7836,2
7837,0
7838,249
7839,1
7840,0
7841,0
7842,32
7843,0
7844,1
7845,330
7846,0
7847,2
7848,0
7849,17
7850,22
7851,7
7852,3
7853,22
7854,1
7855,0
7856,2
7857,1
7858,1
7859,47
7860,1
7861,11
7862,10
7863,1
7864,2
7865,2
7866,47
7867,1
7868,46
7869,0
7870,40
7871,13
7872,89
7873,0
7874,2
7875,6
7876,660
7877,6
7878,0
7879,2
7880,90
7881,0
7882,90
7883,12
7884,1
7885,33
7886,59
7887,0
7888,0
7889,5
7890,77
7891,59
7892,1
7893,1
7894,14
7895,84
7896,18
7897,0
7898,14
7899,3
7900,0
7901,4
7902,17
7903,28
7904,4
7905,1
7906,12
7907,16
7908,2
7909,0
7910,16
7911,6
7912,1
7913,27
7914,2
7915,1
7916,3
7917,5
7918,2
7919,0
7920,2
7921,0
7922,22
7923,12
7924,41
7925,6
7926,30
7927,5
7928,0
7929,0
7930,7
7931,0
7932,1
7933,25
7934,1
7935,23
7936,1
7937,1
7938,4
7939,0
7940,24
7941,0
7942,1
7943,4
7944,3
7945,16
7946,26
7947,125
7948,1
7949,26
7950,2
7951,3
7952,85
7953,5
7954,9
7955,1
7956,3
7957,1
7958,0
7959,0
7960,2
7961,0
7962,13
7963,1
7964,21
7965,0
7966,36
7967,4
7968,0
7969,26
7970,5
7971,22
7972,57
7973,56
7974,1
7975,0
7976,1
7977,2
7978,0
7979,14
7980,0
7981,18
7982,5
7983,38
7984,12
7985,0
7986,105
7987,14
7988,43
7989,14
7990,1
7991,2
7992,7
7993,1
7994,65
7995,0
7996,105
7997,2
7998,0
7999,0
8000,0
8001,0
8002,0
8003,1
8004,9
8005,1
8006,0
8007,23
8008,1
8009,3
8010,1
8011,2
8012,131
8013,10
8014,3
8015,6
8016,0
8017,0
8018,0
8019,3
8020,6
8021,2
8022,238
8023,6
8024,44
8025,0
8026,4
8027,0
8028,0
8029,11
8030,30
8031,1
8032,1
8033,238
8034,0
8035,0
8036,1
8037,10
8038,0
8039,1
8040,0
8041,14
8042,1
8043,20
8044,0
8045,6
8046,1
8047,25
8048,5
8049,7
8050,0
8051,0
8052,17
8053,2
8054,3
8055,62
8056,13
8057,7
8058,8
8059,0
8060,2
8061,69
8062,0
8063,1
8064,3
8065,11
8066,7
8067,38
8068,0
8069,11
8070,1
8071,1
8072,7
8073,28
8074,31
8075,9
8076,584
8077,0
8078,2
8079,3
8080,0
8081,40
8082,4
8083,45
8084,1
8085,0
8086,25
8087,6
8088,5
8089,159
8090,0
8091,146
8092,34
8093,22
8094,24
8095,2
8096,48
8097,0
8098,0
8099,3
8100,16
8101,23
8102,879
8103,6
8104,13
8105,1
8106,0
8107,1
8108,10
8109,58
8110,7
8111,19
8112,1
8113,0
8114,3
8115,74
8116,0
8117,56
8118,10
8119,3
8120,1
8121,46
8122,8
8123,188
8124,0
8125,0
8126,0
8127,2
8128,0
8129,15
8130,3
8131,0
8132,0
8133,1
8134,7
8135,0
8136,41
8137,3
8138,48
8139,1
8140,752
8141,1
8142,5
8143,0
8144,4
8145,40
8146,3
8147,6
8148,0
8149,1
8150,107
8151,4
8152,1
8153,0
8154,87
8155,30
8156,1
8157,0
8158,44
8159,1
8160,9
8161,15
8162,2
8163,2
8164,2
8165,1
8166,43
8167,0
8168,1
8169,10
8170,4
8171,10
8172,13
8173,2
8174,10
8175,113
8176,87
8177,147
8178,1
8179,0
8180,553
8181,2
8182,0
8183,0
8184,111
8185,5
8186,96
8187,316
8188,28
8189,6
8190,90
8191,4
8192,0
8193,0
8194,12
8195,11
8196,89
8197,0
8198,1
8199,23
8200,0
8201,0
8202,0
8203,8
8204,0
8205,1
8206,158
8207,1
8208,11
8209,5
8210,11
8211,0
8212,32
8213,11
8214,48
8215,56
8216,4
8217,1
8218,6
8219,5
8220,0
8221,2
8222,2
8223,19
8224,830
8225,0
8226,0
8227,1
8228,844
8229,8
8230,0
8231,0
8232,3
8233,12
8234,11
8235,0
8236,1
8237,0
8238,5
8239,21
8240,0
8241,18
8242,0
8243,4
8244,4
8245,5
8246,0
8247,0
8248,16
8249,1
8250,8
8251,26
8252,3
8253,1
8254,0
8255,10
8256,4
8257,0
8258,0
8259,1
8260,0
8261,5
8262,11
8263,0
8264,1
8265,4
8266,14
8267,1
8268,0
8269,6
8270,4
8271,1
8272,22
8273,10
8274,3
8275,16
8276,1
8277,5
8278,4
8279,792
8280,2
8281,13
8282,6
8283,553
8284,0
8285,0
8286,4
8287,7
8288,0
8289,6
8290,81
8291,0
8292,3
8293,105
8294,2
8295,2
8296,22
8297,5
8298,28
8299,4
8300,16
8301,43
8302,0
8303,0
8304,1
8305,0
8306,2
8307,5
8308,1
8309,64
8310,38
8311,76
8312,1
8313,7
8314,3
8315,0
8316,0
8317,45
8318,0
8319,1
8320,1
8321,1
8322,0
8323,0
8324,1
8325,5
8326,7
8327,1
8328,25
8329,2
8330,3
8331,0
8332,3
8333,0
8334,2
8335,17
8336,7
8337,0
8338,1
8339,12
8340,1
8341,8
8342,1
8343,1
8344,144
8345,6
8346,5
8347,0
8348,5
8349,3
8350,3
8351,17
8352,3
8353,869
8354,0
8355,1
8356,3
8357,1
8358,0
8359,5
8360,2
8361,0
8362,6
8363,469
8364,35
8365,0
8366,0
8367,0
8368,39
8369,0
8370,8
8371,3
8372,90
8373,8
8374,0
8375,0
8376,0
8377,0
8378,30
8379,0
8380,366
8381,23
8382,1
8383,81
8384,2
8385,60
8386,0
8387,0
8388,0
8389,2
8390,0
8391,2
8392,1
8393,3
8394,26
8395,0
8396,16
8397,4
8398,26
8399,61
8400,0
8401,9
8402,0
8403,7
8404,0
8405,25
8406,0
8407,0
8408,5
8409,0
8410,13
8411,21
8412,6
8413,34
8414,6
8415,24
8416,82
8417,0
8418,1
8419,259
8420,1
8421,1
8422,0
8423,10
8424,128
8425,32
8426,11
8427,4
8428,0
8429,11
8430,0
8431,2
8432,0
8433,8
8434,14
8435,0
8436,0
8437,0
8438,4
8439,10
8440,44
8441,102
8442,24
8443,6
8444,0
8445,7
8446,0
8447,12
8448,6
8449,74
8450,24
8451,0
8452,1
8453,10
8454,2
8455,3
8456,12
8457,0
8458,39
8459,0
8460,6
8461,1
8462,3
8463,62
8464,0
8465,197
8466,114
8467,0
8468,4
8469,10
8470,0
8471,4
8472,0
8473,1
8474,3
8475,0
8476,0
8477,0
8478,46
8479,19
8480,144
8481,4
8482,2
8483,272
8484,3
8485,11
8486,4
8487,2
8488,1
8489,0
8490,61
8491,2
8492,0
8493,1
8494,1
8495,59
8496,0
8497,7
8498,4
8499,23
8500,52
8501,2
8502,2
8503,1
8504,262
8505,1
8506,69
8507,0
8508,20
8509,11
8510,7
8511,926
8512,9
8513,15
8514,0
8515,9
8516,42
8517,5
8518,0
8519,0
8520,3
8521,0
8522,1
8523,1
8524,3
8525,14
8526,1
8527,7
8528,1
8529,0
8530,3
8531,3
8532,3
8533,0
8534,1
8535,0
8536,2
8537,10
8538,1
8539,77
8540,11
8541,3
8542,18
8543,840
8544,1
8545,0
8546,182
8547,3
8548,21
8549,2
8550,2
8551,9
8552,0
8553,3
8554,43
8555,10
8556,0
8557,0
8558,1
8559,4
8560,53
8561,1
8562,47
8563,0
8564,6
8565,47
8566,16
8567,0
8568,10
8569,1
8570,7
8571,1
8572,137
8573,1
8574,1
8575,15
8576,2
8577,783
8578,11
8579,35
8580,0
8581,0
8582,3
8583,1
8584,0
8585,1
8586,122
8587,0
8588,11
8589,38
8590,1
8591,6
8592,34
8593,0
8594,0
8595,1
8596,328
8597,1
8598,0
8599,3
8600,1
8601,0
8602,25
8603,0
8604,11
8605,16
8606,0
8607,10
8608,4
8609,12
8610,24
8611,0
8612,0
8613,0
8614,2
8615,7
8616,727
8617,1
8618,48
8619,6
8620,5
8621,22
8622,2
8623,17
8624,4
8625,0
8626,0
8627,12
8628,3
8629,29
8630,0
8631,53
8632,0
8633,0
8634,22
8635,24
8636,2
8637,24
8638,52
8639,3
8640,0
8641,8
8642,2
8643,0
8644,341
8645,0
8646,59
8647,2
8648,0
8649,0
8650,17
8651,0
8652,1
8653,4
8654,1
8655,48
8656,0
8657,1
8658,11
8659,1
8660,12
8661,17
8662,1
8663,0
8664,32
8665,0
8666,43
8667,1
8668,3
8669,1
8670,0
8671,44
8672,0
8673,34
8674,15
8675,27
8676,0
8677,1
8678,3
8679,0
8680,0
8681,2
8682,0
8683,4
8684,1
8685,17
8686,0
8687,0
8688,17
8689,1
8690,53
8691,15
8692,1
8693,329
8694,10
8695,480
8696,0
8697,0
8698,2
8699,3
8700,2
8701,100
8702,0
8703,0
8704,21
8705,546
8706,6
8707,1
8708,84
8709,1
8710,13
8711,1
8712,214
8713,108
8714,56
8715,13
8716,109
8717,44
8718,42
8719,0
8720,7
8721,29
8722,16
8723,9
8724,62
8725,6
8726,62
8727,0
8728,4
8729,1
8730,51
8731,4
8732,1
8733,1
8734,6
8735,50
8736,3
8737,23
8738,108
8739,227
8740,3
8741,0
8742,17
8743,11
8744,0
8745,2
8746,0
8747,2
8748,268
8749,0
8750,0
8751,7
8752,7
8753,25
8754,0
8755,0
8756,0
8757,2
8758,1
8759,9
8760,114
8761,10
8762,0
8763,1
8764,61
8765,0
8766,7
8767,1
8768,15
8769,57
8770,5
8771,31
8772,16
8773,27
8774,0
8775,1
8776,0
8777,15
8778,0
8779,1
8780,2
8781,1
8782,249
8783,2
8784,0
8785,4
8786,0
8787,15
8788,6
8789,2
8790,11
8791,159
8792,45
8793,16
8794,2
8795,0
8796,90
8797,79
8798,0
8799,3
8800,51
8801,6
8802,6
8803,0
8804,0
8805,0
8806,243
8807,19
8808,23
8809,0
8810,0
8811,4
8812,346
8813,14
8814,126
8815,135
8816,26
8817,0
8818,51
8819,15
8820,1
8821,0
8822,11
8823,0
8824,0
8825,3
8826,0
8827,67
8828,177
8829,11
8830,6
8831,1
8832,33
8833,0
8834,6
8835,21
8836,40
8837,2
8838,21
8839,22
8840,1
8841,17
8842,8
8843,0
8844,49
8845,20
8846,15
8847,13
8848,300
8849,1
8850,0
8851,0
8852,61
8853,4
8854,0
8855,1
8856,1
8857,109
8858,11
8859,218
8860,0
8861,6
8862,43
8863,0
8864,7
8865,2
8866,1
8867,24
8868,18
8869,2
8870,2
8871,11
8872,74
8873,2
8874,2
8875,0
8876,0
8877,10
8878,1
8879,1
8880,0
8881,3
8882,241
8883,35
8884,1
8885,4
8886,9
8887,2
8888,9
8889,4
8890,5
8891,1
8892,0
8893,9
8894,96
8895,48
8896,7
8897,2
8898,0
8899,0
8900,3
8901,14
8902,0
8903,0
8904,0
8905,43
8906,2
8907,1
8908,38
8909,15
8910,0
8911,10
8912,6
8913,4
8914,3
8915,306
8916,1
8917,71
8918,2
8919,2
8920,191
8921,1
8922,16
8923,0
8924,22
8925,2
8926,11
8927,5
8928,36
8929,95
8930,0
8931,17
8932,16
8933,3
8934,1
8935,2
8936,2
8937,1
8938,0
8939,5
8940,97
8941,111
8942,14
8943,249
8944,0
8945,0
8946,5
8947,6
8948,74
8949,15
8950,78
8951,28
8952,0
8953,0
8954,4
8955,4
8956,25
8957,4
8958,0
8959,32
8960,42
8961,7
8962,33
8963,0
8964,6
8965,0
8966,57
8967,12
8968,0
8969,2
8970,0
8971,16
8972,45
8973,5
8974,1
8975,0
8976,24
8977,21
8978,16
8979,6
8980,5
8981,25
8982,1
8983,27
8984,1
8985,335
8986,32
8987,1
8988,4
8989,93
8990,0
8991,16
8992,1
8993,105
8994,1
8995,23
8996,393
8997,23
8998,1
8999,28
9000,0
9001,0
9002,0
9003,20
9004,0
9005,276
9006,38
9007,0
9008,14
9009,2
9010,2
9011,53
9012,10
9013,83
9014,2
9015,18
9016,0
9017,22
9018,0
9019,4
9020,0
9021,6
9022,0
9023,54
9024,8
9025,1
9026,1
9027,0
9028,0
9029,1
9030,10
9031,0
9032,1
9033,14
9034,1
9035,1
9036,0
9037,272
9038,11
9039,0
9040,435
9041,3
9042,8
9043,0
9044,51
9045,0
9046,0
9047,0
9048,2
9049,1
9050,590
9051,0
9052,3
9053,0
9054,3
9055,1
9056,263
9057,0
9058,13
9059,30
9060,27
9061,0
9062,1
9063,14
9064,28
9065,16
9066,8
9067,75
9068,212
9069,3
9070,1
9071,13
9072,12
9073,1
9074,5
9075,9
9076,1
9077,19
9078,12
9079,0
9080,13
9081,41
9082,30
9083,4
9084,21
9085,1
9086,21
9087,0
9088,11
9089,6
9090,32
9091,0
9092,129
9093,0
9094,9
9095,2
9096,12
9097,3
9098,2
9099,6
9100,2
9101,46
9102,0
9103,1
9104,0
9105,3
9106,10
9107,518
9108,0
9109,6
9110,0
9111,0
9112,113
9113,4
9114,3
9115,9
9116,50
9117,3
9118,0
9119,12
9120,34
9121,0
9122,2
9123,9
9124,1
9125,72
9126,5
9127,0
9128,4
9129,24
9130,2
9131,0
9132,0
9133,4
9134,22
9135,1
9136,13
9137,4
9138,0
9139,0
9140,19
9141,47
9142,0
9143,1
9144,0
9145,44
9146,178
9147,3
9148,294
9149,7
9150,459
9151,45
9152,8
9153,2
9154,19
9155,17
9156,1
9157,0
9158,1
9159,30
9160,6
9161,522
9162,229
9163,7
9164,5
9165,11
9166,6
9167,43
9168,1
9169,8
9170,8
9171,1
9172,0
9173,0
9174,1
9175,0
9176,0
9177,1
9178,7
9179,57
9180,89
9181,1
9182,11
9183,54
9184,9
9185,10
9186,0
9187,27
9188,35
9189,0
9190,7
9191,14
9192,3
9193,0
9194,130
9195,66
9196,0
9197,53
9198,307
9199,15
9200,85
9201,1
9202,23
9203,10
9204,4
9205,0
9206,7
9207,2
9208,0
9209,3
9210,6
9211,19
9212,1
9213,6
9214,1
9215,24
9216,6
9217,3
9218,27
9219,0
9220,10
9221,12
9222,2
9223,0
9224,466
9225,2
9226,39
9227,3
9228,34
9229,5
9230,0
9231,1
9232,21
9233,5
9234,20
9235,0
9236,2
9237,100
9238,0
9239,2
9240,3
9241,2
9242,1
9243,0
9244,51
9245,4
9246,0
9247,8
9248,58
9249,3
9250,1
9251,14
9252,0
9253,3
9254,8
9255,19
9256,12
9257,1
9258,4
9259,210
9260,32
9261,2
9262,0
9263,10
9264,4
9265,2
9266,0
9267,20
9268,27
9269,2
9270,71
9271,2
9272,0
9273,1
9274,165
9275,23
9276,1
9277,25
9278,0
9279,1
9280,2
9281,8
9282,36
9283,2
9284,19
9285,3
9286,2
9287,18
9288,7
9289,3
9290,18
9291,1
9292,3
9293,10
9294,49
9295,21
9296,285
9297,1
9298,2
9299,6
9300,0
9301,2
9302,15
9303,12
9304,0
9305,29
9306,0
9307,0
9308,0
9309,16
9310,7
9311,2
9312,104
9313,105
9314,2
9315,75
9316,8
9317,123
9318,6
9319,0
9320,5
9321,0
9322,12
9323,2
9324,133
9325,2
9326,6
9327,2
9328,1
9329,0
9330,12
9331,38
9332,27
9333,5
9334,2
9335,2
9336,0
9337,53
9338,97
9339,9
9340,2
9341,7
9342,2
9343,2
9344,4
9345,2
9346,12
9347,10
9348,15
9349,32
9350,8
9351,307
9352,26
9353,20
9354,6
9355,1
9356,3
9357,54
9358,5
9359,28
9360,39
9361,0
9362,6
9363,0
9364,11
9365,1
9366,0
9367,2
9368,0
9369,242
9370,46
9371,588
9372,0
9373,0
9374,0
9375,0
9376,14
9377,412
9378,6
9379,1
9380,0
9381,6
9382,0
9383,19
9384,11
9385,0
9386,0
9387,1
9388,16
9389,9
9390,0
9391,0
9392,4
9393,0
9394,1
9395,2
9396,2
9397,11
9398,8
9399,0
9400,2
9401,2
9402,61
9403,1
9404,0
9405,0
9406,0
9407,2
9408,121
9409,0
9410,4
9411,1
9412,0
9413,1
9414,4
9415,1
9416,7
9417,1
9418,0
9419,1
9420,0
9421,29
9422,20
9423,0
9424,0
9425,16
9426,1
9427,50
9428,2
9429,0
9430,136
9431,1
9432,88
9433,9
9434,0
9435,9
9436,1
9437,1
9438,0
9439,30
9440,0
9441,46
9442,1
9443,4
9444,7
9445,0
9446,0
9447,0
9448,2
9449,3
9450,1
9451,0
9452,2
9453,3
9454,6
9455,18
9456,187
9457,0
9458,13
9459,1
9460,0
9461,0
9462,0
9463,4
9464,18
9465,262
9466,224
9467,6
9468,0
9469,15
9470,6
9471,2
9472,5
9473,1
9474,258
9475,1
9476,2
9477,0
9478,0
9479,55
9480,0
9481,18
9482,16
9483,58
9484,1
9485,1
9486,2
9487,0
9488,1
9489,2
9490,70
9491,108
9492,2
9493,23
9494,0
9495,1
9496,149
9497,5
9498,3
9499,0
9500,0
9501,1
9502,2
9503,3
9504,0
9505,0
9506,703
9507,349
9508,42
9509,43
9510,4
9511,1
9512,306
9513,16
9514,129
9515,21
9516,74
9517,1
9518,0
9519,43
9520,29
9521,42
9522,1
9523,0
9524,8
9525,0
9526,21
9527,8
9528,0
9529,1
9530,19
9531,4
9532,2
9533,10
9534,13
9535,0
9536,13
9537,2
9538,7
9539,0
9540,1
9541,0
9542,0
9543,1
9544,3
9545,54
9546,0
9547,21
9548,0
9549,8
9550,3
9551,1
9552,22
9553,4
9554,4
9555,1
9556,24
9557,0
9558,0
9559,42
9560,2
9561,99
9562,2
9563,1
9564,11
9565,193
9566,0
9567,7
9568,3
9569,1
9570,3
9571,4
9572,11
9573,3
9574,3
9575,1
9576,0
9577,2
9578,2
9579,10
9580,136
9581,14
9582,2
9583,2
9584,193
9585,1
9586,1
9587,3
9588,546
9589,86
9590,0
9591,2
9592,2
9593,2
9594,1
9595,77
9596,2
9597,6
9598,155
9599,0
9600,9
9601,0
9602,0
9603,23
9604,0
9605,3
9606,10
9607,3
9608,0
9609,6
9610,17
9611,5
9612,11
9613,3
9614,2
9615,0
9616,7
9617,6
9618,1
9619,1
9620,12
9621,1
9622,42
9623,0
9624,1
9625,2
9626,0
9627,3
9628,0
9629,14
9630,1
9631,15
9632,96
9633,1
9634,3
9635,3
9636,21
9637,0
9638,2
9639,3
9640,5
9641,16
9642,2
9643,8
9644,0
9645,15
9646,5
9647,20
9648,1
9649,4
9650,4
9651,2
9652,5
9653,26
9654,22
9655,1
9656,5
9657,1
9658,7
9659,0
9660,3
9661,97
9662,2
9663,10
9664,35
9665,4
9666,20
9667,0
9668,0
9669,0
9670,8
9671,1
9672,0
9673,4
9674,330
9675,10
9676,51
9677,0
9678,1
9679,1
9680,0
9681,1
9682,2
9683,7
9684,2
9685,2
9686,0
9687,13
9688,9
9689,8
9690,0
9691,14
9692,1
9693,0
9694,0
9695,1
9696,1
9697,0
9698,6
9699,674
9700,2
9701,5
9702,14
9703,3
9704,12
9705,33
9706,24
9707,16
9708,15
9709,0
9710,3
9711,55
9712,1
9713,2
9714,10
9715,5
9716,17
9717,0
9718,3
9719,6
9720,0
9721,1
9722,1
9723,4
9724,181
9725,10
9726,1
9727,1
9728,2
9729,6
9730,0
9731,16
9732,0
9733,0
9734,2
9735,3
9736,0
9737,0
9738,0
9739,0
9740,14
9741,0
9742,5
9743,5
9744,50
9745,14
9746,10
9747,26
9748,10
9749,0
9750,286
9751,20
9752,7
9753,241
9754,810
9755,0
9756,108
9757,100
9758,4
9759,5
9760,4
9761,885
9762,1
9763,297
9764,0
9765,0
9766,1
9767,0
9768,37
9769,12
9770,25
9771,38
9772,35
9773,2
9774,8
9775,0
9776,0
9777,13
9778,1
9779,18
9780,35
9781,0
9782,6
9783,0
9784,1
9785,0
9786,7
9787,25
9788,216
9789,9
9790,1
9791,0
9792,3
9793,7
9794,116
9795,3
9796,0
9797,7
9798,0
9799,0
9800,4
9801,59
9802,4
9803,11
9804,0
9805,10
9806,2
9807,5
9808,47
9809,5
9810,4
9811,1
9812,456
9813,0
9814,3
9815,6
9816,1
9817,2
9818,0
9819,0
9820,7
9821,1
9822,19
9823,0
9824,2
9825,3
9826,76
9827,0
9828,11
9829,0
9830,1
9831,2
9832,0
9833,10
9834,0
9835,3
9836,0
9837,4
9838,3
9839,0
9840,0
9841,5
9842,3
9843,2
9844,5
9845,2
9846,1
9847,9
9848,0
9849,13
9850,0
9851,16
9852,6
9853,4
9854,28
9855,0
9856,1
9857,0
9858,3
9859,16
9860,2
9861,0
9862,1
9863,23
9864,0
9865,0
9866,27
9867,3
9868,7
9869,0
9870,21
9871,0
9872,3
9873,45
9874,1
9875,6
9876,4
9877,2
9878,1
9879,3
9880,1
9881,109
9882,63
9883,4
9884,42
9885,0
9886,2
9887,0
9888,1
9889,0
9890,6
9891,4
9892,1
9893,0
9894,90
9895,8
9896,55
9897,0
9898,228
9899,0
9900,11
9901,0
9902,0
9903,0
9904,6
9905,0
9906,0
9907,71
9908,40
9909,88
9910,0
9911,13
9912,1
9913,0
9914,43
9915,17
9916,0
9917,0
9918,670
9919,13
9920,13
9921,28
9922,300
9923,1
9924,52
9925,0
9926,15
9927,1
9928,8
9929,4
9930,1
9931,29
9932,5
9933,12
9934,3
9935,1
9936,14
9937,0
9938,6
9939,2
9940,0
9941,18
9942,36
9943,22
9944,7
9945,0
9946,20
9947,11
9948,4
9949,2
9950,1
9951,186
9952,12
9953,0
9954,36
9955,1
9956,0
9957,14
9958,15
9959,81
9960,31
9961,0
9962,6
9963,12
9964,1
9965,1
9966,31
9967,0
9968,0
9969,71
9970,4
9971,0
9972,860
9973,1
9974,2
9975,4
9976,0
9977,0
9978,11
9979,4
9980,29
9981,2
9982,3
9983,85
9984,66
9985,3
9986,29
9987,5
9988,34
9989,2
9990,2
9991,24
9992,3
9993,14
9994,1
9995,28
9996,14
9997,21
9998,0
9999,4
10000,8
10001,0
10002,0
10003,0
10004,0
10005,6
10006,0
10007,958
10008,1
10009,0
10010,24
10011,1
10012,8
10013,8
10014,1
10015,1
10016,0
10017,1
10018,1
10019,0
10020,0
10021,3
10022,5
10023,0
10024,71
10025,20
10026,0
10027,14
10028,14
10029,3
10030,0
10031,1
10032,0
10033,1
10034,280
10035,2
10036,1
10037,11
10038,1
10039,11
10040,2
10041,16
10042,2
10043,2
10044,11
10045,1
10046,6
10047,7
10048,0
10049,1
10050,2
10051,0
10052,0
10053,1
10054,5
10055,35
10056,83
10057,16
10058,26
10059,5
10060,1
10061,96
10062,39
10063,2
10064,1
10065,13
10066,1
10067,101
10068,20
10069,2
10070,7
10071,60
10072,17
10073,9
10074,26
10075,0
10076,0
10077,7
10078,2
10079,29
10080,0
10081,0
10082,0
10083,2
10084,0
10085,0
10086,3
10087,49
10088,16
10089,38
10090,5
10091,0
10092,0
10093,1
10094,1
10095,34
10096,0
10097,9
10098,0
10099,28
10100,1
10101,16
10102,0
10103,0
10104,5
10105,2
10106,44
10107,27
10108,2
10109,2
10110,79
10111,42
10112,1
10113,1
10114,196
10115,1
10116,25
10117,0
10118,4
10119,0
10120,1
10121,0
10122,44
10123,1
10124,46
10125,36
10126,24
10127,0
10128,2
10129,8
10130,0
10131,8
10132,15
10133,0
10134,5
10135,21
10136,1
10137,503
10138,0
10139,1
10140,6
10141,1
10142,21
10143,6
10144,4
10145,5
10146,2
10147,13
10148,24
10149,10
10150,3
10151,10
10152,0
10153,2
10154,87
10155,3
10156,1
10157,65
10158,276
10159,26
10160,18
10161,3
10162,1
10163,2
10164,44
10165,1
10166,175
10167,81
10168,32
10169,1
10170,0
10171,21
10172,1
10173,1
10174,130
10175,6
10176,1
10177,11
10178,4
10179,0
10180,11
10181,1
10182,0
10183,3
10184,1
10185,0
10186,7
10187,0
10188,0
10189,15
10190,6
10191,1
10192,233
10193,1
10194,1
10195,1
10196,12
10197,8
10198,10
10199,1
10200,3
10201,11
10202,118
10203,9
10204,22
10205,0
10206,0
10207,12
10208,21
10209,11
10210,196
10211,131
10212,64
10213,10
10214,8
10215,2
10216,1
10217,0
10218,6
10219,45
10220,20
10221,11
10222,20
10223,0
10224,3
10225,33
10226,1
10227,0
10228,2
10229,15
10230,21
10231,10
10232,5
10233,41
10234,25
10235,4
10236,1
10237,0
10238,148
10239,1
10240,5
10241,4
10242,35
10243,13
10244,1
10245,5
10246,0
10247,4
10248,7
10249,1
10250,3
10251,76
10252,2
10253,6
10254,10
10255,1
10256,1
10257,73
10258,8
10259,15
10260,11
10261,44
10262,20
10263,4
10264,40
10265,34
10266,0
10267,3
10268,0
10269,146
10270,485
10271,1
10272,0
10273,231
10274,1
10275,0
10276,2
10277,0
10278,96
10279,3
10280,4
10281,1
10282,8
10283,0
10284,3
10285,15
10286,0
10287,63
10288,0
10289,0
10290,2
10291,8
10292,129
10293,8
10294,18
10295,9
10296,357
10297,33
10298,19
10299,5
10300,0
10301,0
10302,2
10303,24
10304,3
10305,1
10306,23
10307,18
10308,33
10309,0
10310,2
10311,13
10312,1
10313,0
10314,1
10315,2
10316,0
10317,3
10318,3
10319,1
10320,19
10321,0
10322,0
10323,0
10324,2
10325,1
10326,0
10327,1
10328,0
10329,0
10330,5
10331,1
10332,3
10333,1
10334,2
10335,31
10336,13
10337,0
10338,0
10339,137
10340,6
10341,313
10342,5
10343,0
10344,10
10345,0
10346,2
10347,12
10348,1
10349,1
10350,4
10351,1
10352,0
10353,1
10354,0
10355,4
10356,2
10357,0
10358,51
10359,1
10360,0
10361,227
10362,1
10363,738
10364,1
10365,7
10366,3
10367,1
10368,0
10369,0
10370,9
10371,0
10372,10
10373,34
10374,10
10375,6
10376,26
10377,38
10378,2
10379,186
10380,9
10381,319
10382,57
10383,1
10384,1
10385,1
10386,25
10387,18
10388,34
10389,8
10390,8
10391,82
10392,38
10393,42
10394,3
10395,4
10396,1
10397,0
10398,1
10399,5
10400,2
10401,2
10402,3
10403,0
10404,2
10405,18
10406,3
10407,40
10408,4
10409,6
10410,159
10411,0
10412,13
10413,1
10414,8
10415,2
10416,2
10417,0
10418,0
10419,8
10420,19
10421,4
10422,799
10423,0
10424,0
10425,1
10426,2
10427,0
10428,0
10429,37
10430,20
10431,1
10432,0
10433,0
10434,0
10435,18
10436,4
10437,2
10438,1
10439,2
10440,0
10441,59
10442,1
10443,0
10444,1
10445,5
10446,0
10447,0
10448,0
10449,0
10450,62
10451,5
10452,0
10453,56
10454,159
10455,21
10456,19
10457,5
10458,1
10459,0
10460,2
10461,5
10462,1
10463,0
10464,62
10465,4
10466,261
10467,1
10468,0
10469,0
10470,2
10471,10
10472,0
10473,2
10474,0
10475,11
10476,0
10477,0
10478,11
10479,0
10480,0
10481,0
10482,10
10483,1
10484,51
10485,2
10486,1
10487,40
10488,124
10489,27
10490,58
10491,3
10492,4
10493,2
10494,1
10495,1
10496,16
10497,6
10498,1
10499,0
10500,3
10501,1
10502,0
10503,42
10504,0
10505,0
10506,33
10507,6
10508,7
10509,58
10510,0
10511,18
10512,35
10513,15
10514,8
10515,2
10516,0
10517,735
10518,82
10519,0
10520,8
10521,0
10522,0
10523,19
10524,3
10525,6
10526,150
10527,13
10528,1
10529,328
10530,0
10531,0
10532,0
10533,0
10534,14
10535,1
10536,0
10537,669
10538,41
10539,10
10540,4
10541,1
10542,0
10543,104
10544,0
10545,1
10546,29
10547,1
10548,21
10549,1
10550,0
10551,0
10552,9
10553,0
10554,55
10555,22
10556,0
10557,15
10558,0
10559,527
10560,1
10561,2
10562,1
10563,36
10564,133
10565,2
10566,10
10567,1
10568,1
10569,1
10570,0
10571,0
10572,1
10573,794
10574,8
10575,7
10576,21
10577,0
10578,50
10579,68
10580,22
10581,1
10582,2
10583,17
10584,18
10585,14
10586,0
10587,0
10588,0
10589,0
10590,1
10591,2
10592,0
10593,2
10594,0
10595,6
10596,8
10597,9
10598,1
10599,58
10600,0
10601,43
10602,0
10603,29
10604,0
10605,13
10606,1
10607,6
10608,1
10609,15
10610,2
10611,0
10612,1
10613,0
10614,9
10615,1
10616,0
10617,3
10618,0
10619,5
10620,5
10621,0
10622,6
10623,10
10624,2
10625,1
10626,1
10627,84
10628,7
10629,0
10630,1
10631,552
10632,1
10633,7
10634,0
10635,0
10636,2
10637,7
10638,32
10639,1
10640,33
10641,13
10642,45
10643,39
10644,3
10645,19
10646,37
10647,17
10648,1
10649,32
10650,0
10651,19
10652,7
10653,118
10654,36
10655,1
10656,7
10657,8
10658,55
10659,1
10660,1
10661,0
10662,282
10663,0
10664,2
10665,5
10666,35
10667,7
10668,1
10669,7
10670,3
10671,11
10672,155
10673,1
10674,7
10675,1
10676,2
10677,56
10678,4
10679,5
10680,2
10681,0
10682,8
10683,48
10684,3
10685,62
10686,8
10687,1
10688,1
10689,1
10690,5
10691,137
10692,51
10693,16
10694,1
10695,0
10696,3
10697,0
10698,1
10699,14
10700,0
10701,23
10702,207
10703,9
10704,0
10705,1
10706,0
10707,13
10708,1
10709,8
10710,0
10711,311
10712,14
10713,1
10714,19
10715,820
10716,0
10717,6
10718,16
10719,3
10720,1
10721,96
10722,34
10723,0
10724,4
10725,14
10726,46
10727,143
10728,6
10729,0
10730,8
10731,0
10732,2
10733,7
10734,15
10735,8
10736,3
10737,19
10738,113
10739,2
10740,12
